cond,drive,rho,kappa,lam_true,rep,lam_hat,n_roots,lam_hat_kappa0,shift,beta_vb,analytic_shift,corr_v_lnb,corr_v_lnref,rel_excess
ds003690,synthetic,0.3,0.1,0.0,0,-0.2040032354979975,1,-0.30341923088743167,0.09941599538943416,0.5655246999901967,0.056552469999019674,0.16197347029042028,0.3249449505776341,1.8895236489355103
ds003690,synthetic,0.3,0.25,0.0,0,-0.04124621646697151,1,-0.30341923088743167,0.26217301442046015,0.5841366452035246,0.14603416130088115,0.1674690335273855,0.3249449505776341,1.8798666544991727
ds003690,synthetic,0.3,0.5,0.0,0,0.2621579717655497,1,-0.30341923088743167,0.5655772026529814,0.6131988585919642,0.3065994292959821,0.1761203715238664,0.3249449505776341,1.8651656772271399
ds003690,synthetic,0.3,0.75,0.0,0,0.6022382025768087,1,-0.30341923088743167,0.9056574334642404,0.6387666192856004,0.4790749644642003,0.18382432297015258,0.3249449505776341,1.8517078605569899
ds003690,synthetic,0.3,1.0,0.0,0,0.977748886674573,1,-0.30341923088743167,1.2811681175620047,0.6597996563055899,0.6597996563055899,0.19026270067203557,0.3249449505776341,1.8371290645918743
ds003690,synthetic,0.3,0.1,1.0,0,0.9721397797844179,1,0.872959827833069,0.09917995195134888,0.5726215703884787,0.05726215703884788,0.16529309965733727,0.3249449505776341,2.4979473642913126
ds003690,synthetic,0.3,0.25,1.0,0,1.1285364366001147,1,0.872959827833069,0.2555766087670457,0.5916470805798811,0.14791177014497028,0.1710311498817163,0.3249449505776341,2.6486191718334764
ds003690,synthetic,0.3,0.5,1.0,0,1.4085173030127505,1,0.872959827833069,0.5355574751796814,0.6218952528169087,0.31094762640845436,0.18026668751497385,0.3249449505776341,2.9785092021935657
ds003690,synthetic,0.3,0.75,1.0,0,1.7278097696495214,1,0.872959827833069,0.8548499418164524,0.6490219826076824,0.4867664869557618,0.1887039199283019,0.3249449505776341,3.422288342588051
ds003690,synthetic,0.3,1.0,1.0,0,2.1322017893933976,1,0.872959827833069,1.2592419615603285,0.6716799010871353,0.6716799010871353,0.19591972654966075,0.3249449505776341,3.984395775838532
ds003690,synthetic,0.6,0.1,0.0,0,-0.1431739406510463,1,-0.30341923088743167,0.16024529023638537,1.0113117315883673,0.10113117315883674,0.28976382620988533,0.61840716659585,1.8892048510500334
ds003690,synthetic,0.6,0.25,0.0,0,0.10868727061352768,1,-0.30341923088743167,0.41210650150095934,1.0277726192432366,0.25694315481080915,0.2949428601386512,0.61840716659585,1.8796887721363515
ds003690,synthetic,0.6,0.5,0.0,0,0.5544701091969453,1,-0.30341923088743167,0.857889340084377,1.0531965571922748,0.5265982785961374,0.3030911538832064,0.61840716659585,1.8684099940010246
ds003690,synthetic,0.6,0.75,0.0,0,1.0274819453367974,1,-0.30341923088743167,1.330901176224229,1.075256324602032,0.8064422434515239,0.31037264473288456,0.61840716659585,1.8666757630708766
ds003690,synthetic,0.6,1.0,0.0,0,1.564084171531524,1,-0.30341923088743167,1.8675034024189556,1.0931354353283416,1.0931354353283416,0.3165275308926651,0.61840716659585,1.8800009766880152
ds003690,synthetic,0.6,0.1,1.0,0,1.035126046207901,1,0.872959827833069,0.16216621837483203,1.0252501027943013,0.10252501027943013,0.2961041127122693,0.61840716659585,2.542626190992547
ds003690,synthetic,0.6,0.25,1.0,0,1.2814324280817573,1,0.872959827833069,0.40847260024868826,1.0423271881625173,0.26058179704062934,0.3017458028239624,0.61840716659585,2.7805477048079514
ds003690,synthetic,0.6,0.5,1.0,0,1.7385372746251273,1,0.872959827833069,0.8655774467920583,1.0694374000864242,0.5347187000432121,0.31104607496732256,0.61840716659585,3.3424046158986864
ds003690,synthetic,0.6,0.75,1.0,0,2.3811854007905415,1,0.872959827833069,1.5082255729574725,1.0934508921484074,0.8200881691113056,0.319835871519123,0.61840716659585,4.2058711706242
ds003690,synthetic,0.6,1.0,1.0,0,,0,0.872959827833069,,1.1128291473056158,1.1128291473056158,0.3276598067347748,0.61840716659585,5.512658103404598
ds003690,alpha,,0.1,0.0,0,-0.10742613846433144,1,-0.30341923088743167,0.19599309242310023,1.1572315826555393,0.11572315826555393,0.33164267712087064,0.15246660568987602,1.9013707616572713
ds003690,alpha,,0.25,0.0,0,0.17940576352950552,1,-0.30341923088743167,0.48282499441693716,1.173241471311355,0.29331036782783876,0.3368436598176551,0.15246660568987602,1.9102750231813317
ds003690,alpha,,0.5,0.0,0,0.6159016373522814,1,-0.30341923088743167,0.9193208682397132,1.198022575303934,0.599011287651967,0.34499776781322233,0.15246660568987602,1.9235387871933003
ds003690,alpha,,0.75,0.0,0,0.9812782404040675,1,-0.30341923088743167,1.2846974712914991,1.2196001130287373,0.914700084771553,0.35222061304980296,0.15246660568987602,1.9271800020626189
ds003690,alpha,,1.0,0.0,0,1.289724653730051,1,-0.30341923088743167,1.5931438846174828,1.237184320831924,1.237184320831924,0.3582296583151831,0.15246660568987602,1.9130875100184213
ds003690,alpha,,0.1,1.0,0,1.0132623357672246,1,0.872959827833069,0.14030250793415555,1.1466936143544728,0.11466936143544729,0.3311388931347927,0.15246660568987602,2.4428305271730557
ds003690,alpha,,0.25,1.0,0,1.2067217062457873,1,0.872959827833069,0.3337618784127183,1.162903512421014,0.2907258781052535,0.336468587565169,0.15246660568987602,2.4889493400586393
ds003690,alpha,,0.5,1.0,0,1.4974539467477632,1,0.872959827833069,0.6244941189146942,1.1883121292822132,0.5941560646411066,0.34491449806155644,0.15246660568987602,2.564617771051789
ds003690,alpha,,0.75,1.0,0,1.7784285846158396,1,0.872959827833069,0.9054687567827706,1.210831515198629,0.9081236363989718,0.35250176431832264,0.15246660568987602,2.6241240350966897
ds003690,alpha,,1.0,1.0,0,2.085273822903724,1,0.872959827833069,1.2123139950706552,1.2295988920381653,1.2295988920381653,0.35891432618626734,0.15246660568987602,2.6521347374623
ds003690,synthetic,0.3,0.1,0.0,1,-0.08332367608076875,1,-0.1470424190717396,0.06371874299097084,0.49883019520865673,0.04988301952086568,0.14290723850677153,0.3068474488723269,1.791182712498533
ds003690,synthetic,0.3,0.25,0.0,1,0.02656962165304334,1,-0.1470424190717396,0.17361204072478292,0.5168566333090591,0.12921415832726477,0.14816160239316603,0.3068474488723269,1.799784102208661
ds003690,synthetic,0.3,0.5,0.0,1,0.24305001753219319,1,-0.1470424190717396,0.3900924366039328,0.5449933055943886,0.2724966527971943,0.15640729232530895,0.3068474488723269,1.8147193051966353
ds003690,synthetic,0.3,0.75,0.0,1,0.4933888642336161,1,-0.1470424190717396,0.6404312833053557,0.5696265005650493,0.4272198754237869,0.16368704631491982,0.3068474488723269,1.827497836149493
ds003690,synthetic,0.3,1.0,0.0,1,0.7676619846726858,1,-0.1470424190717396,0.9147044037444254,0.5896674110538229,0.5896674110538229,0.1696778767632841,0.3068474488723269,1.8340247385615767
ds003690,synthetic,0.3,0.1,1.0,1,1.0686102018986514,1,1.000990369081057,0.06761983281759432,0.505206060238179,0.05052060602381791,0.14577068552952646,0.3068474488723269,2.3317692274104407
ds003690,synthetic,0.3,0.25,1.0,1,1.1747853424498342,1,1.000990369081057,0.17379497336877714,0.523527877722598,0.1308819694306495,0.1511942627781052,0.3068474488723269,2.4281190745029844
ds003690,synthetic,0.3,0.5,1.0,1,1.3617156868273828,1,1.000990369081057,0.36072531774632566,0.5526290091976225,0.27631450459881124,0.15986081064931904,0.3068474488723269,2.597723409501859
ds003690,synthetic,0.3,0.75,1.0,1,1.5625313548672748,1,1.000990369081057,0.5615409857862177,0.5786584912457721,0.4339938684343291,0.16767980514654987,0.3068474488723269,2.7680136830923248
ds003690,synthetic,0.3,1.0,1.0,1,1.7884692159154534,1,1.000990369081057,0.7874788468343963,0.6003144849600914,0.6003144849600914,0.1742534504843825,0.3068474488723269,2.9219265824047227
ds003690,synthetic,0.6,0.1,0.0,1,-0.016280022364083737,1,-0.1470424190717396,0.13076239670765585,0.9754132915988261,0.09754132915988262,0.2795567025129823,0.6094361900949842,1.7894304459262973
ds003690,synthetic,0.6,0.25,0.0,1,0.19354552850573106,1,-0.1470424190717396,0.3405879475774707,0.9911777419594408,0.2477944354898602,0.28443168327618024,0.6094361900949842,1.7943795651430499
ds003690,synthetic,0.6,0.5,0.0,1,0.5703351670540674,1,-0.1470424190717396,0.7173775861258069,1.0154084085827788,0.5077042042913894,0.29205143061407435,0.6094361900949842,1.800408815870641
ds003690,synthetic,0.6,0.75,0.0,1,0.9643436246725047,1,-0.1470424190717396,1.1113860437442442,1.0361856230079496,0.7771392172559621,0.2987605153046927,0.6094361900949842,1.8002270579906283
ds003690,synthetic,0.6,1.0,0.0,1,1.3761003541362327,1,-0.1470424190717396,1.5231427732079723,1.0527006757538957,1.0527006757538957,0.3042959878236334,0.6094361900949842,1.7894230126111192
ds003690,synthetic,0.6,0.1,1.0,1,1.131812985946955,1,1.000990369081057,0.1308226168658979,0.9884867340928595,0.09884867340928595,0.28537483116148693,0.6094361900949842,2.3749528470765533
ds003690,synthetic,0.6,0.25,1.0,1,1.330860270829846,1,1.000990369081057,0.32986990174878894,1.004947215795044,0.251236803948761,0.29067018982540793,0.6094361900949842,2.548547618146909
ds003690,synthetic,0.6,0.5,1.0,1,1.6915207408921504,1,1.000990369081057,0.6905303718110933,1.0310598859794344,0.5155299429897172,0.29929986221650123,0.6094361900949842,2.8898830104067
ds003690,synthetic,0.6,0.75,1.0,1,2.155291753221135,1,1.000990369081057,1.1543013841400778,1.0542318723362596,0.7906739042521946,0.30730059598619325,0.6094361900949842,3.3034562729630745
ds003690,synthetic,0.6,1.0,1.0,1,2.7518370423895213,1,1.000990369081057,1.7508466733084642,1.073143671598795,1.073143671598795,0.3142499819688409,0.6094361900949842,3.7939703005919836
ds003690,alpha,,0.1,0.0,1,0.03146993680779925,1,-0.1470424190717396,0.17851235587953884,1.1568812395042007,0.11568812395042008,0.33168023630338894,0.15246660568987602,1.7896943243918866
ds003690,alpha,,0.25,0.0,1,0.2920694962663102,1,-0.1470424190717396,0.4391119153380498,1.1718531660700418,0.29296329151751044,0.33655091071382215,0.15246660568987602,1.795669181869923
ds003690,alpha,,0.5,0.0,1,0.68823306908307,1,-0.1470424190717396,0.8352754881548097,1.1952383692330082,0.5976191846165041,0.3442529659354965,0.15246660568987602,1.802685662927093
ds003690,alpha,,0.75,0.0,1,1.0219476622183061,1,-0.1470424190717396,1.1689900812900458,1.2158669874189096,0.9119002405641823,0.3511556434653715,0.15246660568987602,1.7986329279026785
ds003690,alpha,,1.0,0.0,1,1.3063417119181677,1,-0.1470424190717396,1.4533841309899074,1.2329565179661823,1.2329565179661823,0.3569782365605928,0.15246660568987602,1.7749513241162251
ds003690,alpha,,0.1,1.0,1,1.1264196097730013,1,1.000990369081057,0.12542924069194417,1.147818903213991,0.1147818903213991,0.3314113509596024,0.15246660568987602,2.3025220942943165
ds003690,alpha,,0.25,1.0,1,1.3023171592332292,1,1.000990369081057,0.3013267901521721,1.1631355387428486,0.29078388468571215,0.33646758411837696,0.15246660568987602,2.3549649537634405
ds003690,alpha,,0.5,1.0,1,1.5737268773057573,1,1.000990369081057,0.5727365082247002,1.1873004937889897,0.5936502468944949,0.3445356517304473,0.15246660568987602,2.4474195009650215
ds003690,alpha,,0.75,1.0,1,1.8416248379486542,1,1.000990369081057,0.8406344688675971,1.2089133032359167,0.9066849774269375,0.3518508551615776,0.15246660568987602,2.5305996494204908
ds003690,alpha,,1.0,1.0,1,2.1369024781603465,1,1.000990369081057,1.1359121090792894,1.2271247139775472,1.2271247139775472,0.3580992804760539,0.15246660568987602,2.58558360197622
ds003690,synthetic,0.3,0.1,0.0,2,-0.24484869084632094,1,-0.3149168144563333,0.07006812361001236,0.49455797525886686,0.04945579752588669,0.14174222390144994,0.2989529057323685,1.2272600316944227
ds003690,synthetic,0.3,0.25,0.0,2,-0.12227330691703388,1,-0.3149168144563333,0.19264350753929943,0.5134767189346477,0.12836917973366194,0.1472687592351894,0.2989529057323685,1.2249673046913205
ds003690,synthetic,0.3,0.5,0.0,2,0.12604387230776246,1,-0.3149168144563333,0.4409606867640957,0.5429654370606483,0.27148271853032413,0.15593268343132013,0.2989529057323685,1.2197669573592647
ds003690,synthetic,0.3,0.75,0.0,2,0.4302009050810609,1,-0.3149168144563333,0.7451177195373941,0.5688833344266923,0.4266625008200192,0.1636137063758181,0.2989529057323685,1.2103234951238062
ds003690,synthetic,0.3,1.0,0.0,2,0.7919299733120865,1,-0.3149168144563333,1.1068467877684198,0.5902030208037543,0.5902030208037543,0.17000435153810517,0.2989529057323685,1.1943444395271516
ds003690,synthetic,0.3,0.1,1.0,2,0.917652177063657,1,0.8386108244515312,0.07904135261212575,0.5019441105311758,0.05019441105311759,0.14484243050386086,0.2989529057323685,1.6089096570481993
ds003690,synthetic,0.3,0.25,1.0,2,1.0453844721562644,1,0.8386108244515312,0.20677364770473317,0.5212825200418799,0.13032063001046998,0.150556653528825,0.2989529057323685,1.6599734913363775
ds003690,synthetic,0.3,0.5,1.0,2,1.2835526380954423,1,0.8386108244515312,0.44494181364391105,0.5520286346099381,0.27601431730496906,0.15969666846650524,0.2989529057323685,1.7463889212418189
ds003690,synthetic,0.3,0.75,1.0,2,1.5701095812155554,1,0.8386108244515312,0.7314987567640242,0.5796842703220771,0.4347632027415579,0.16799118321677373,0.2989529057323685,1.8305325972849718
ds003690,synthetic,0.3,1.0,1.0,2,1.9635268639653034,1,0.8386108244515312,1.124916039513772,0.6029270709796449,0.6029270709796449,0.17503950749738972,0.2989529057323685,1.907158976879975
ds003690,synthetic,0.6,0.1,0.0,2,-0.1753662069060157,1,-0.3149168144563333,0.1395506075503176,0.95995718417698,0.095995718417698,0.27523544177210585,0.5988261696013849,1.2262472154257187
ds003690,synthetic,0.6,0.25,0.0,2,0.05161585625757682,1,-0.3149168144563333,0.3665326707139101,0.9767992290141491,0.24419980725353727,0.28043146208936004,0.5988261696013849,1.2227862022375984
ds003690,synthetic,0.6,0.5,0.0,2,0.46993949364705145,1,-0.3149168144563333,0.7848563081033848,1.0027504560822174,0.5013752280411087,0.2885597111159722,0.5988261696013849,1.2177863140611531
ds003690,synthetic,0.6,0.75,0.0,2,0.9278121079979001,1,-0.3149168144563333,1.2427289224542335,1.0252375905197113,0.7689281928897835,0.29577354089674707,0.5988261696013849,1.2139428210610943
ds003690,synthetic,0.6,1.0,0.0,2,1.4385147993500698,1,-0.3149168144563333,1.753431613806403,1.043470954337821,1.043470954337821,0.30182617200729644,0.5988261696013849,1.2140630409920163
ds003690,synthetic,0.6,0.1,1.0,2,0.9983890858142498,1,0.8386108244515312,0.15977826136271855,0.9743758344956441,0.09743758344956442,0.28132489041282427,0.5988261696013849,1.6465204904951105
ds003690,synthetic,0.6,0.25,1.0,2,1.2478824208089316,1,0.8386108244515312,0.4092715963574004,0.992031165050605,0.24800779126265124,0.28695376207304024,0.5988261696013849,1.7670570180285434
ds003690,synthetic,0.6,0.5,1.0,2,1.729288223667638,1,0.8386108244515312,0.8906773992161067,1.0201882622416205,0.5100941311208103,0.29616989324434956,0.5988261696013849,2.020315748892792
ds003690,synthetic,0.6,0.75,1.0,2,2.3990163002417955,1,0.8386108244515312,1.5604054757902643,1.045400977448883,0.7840507330866623,0.3047862259801841,0.5988261696013849,2.377912684500807
ds003690,synthetic,0.6,1.0,1.0,2,,0,0.8386108244515312,,1.0661593927853077,1.0661593927853077,0.31233901225510224,0.5988261696013849,2.9203941014077524
ds003690,alpha,,0.1,0.0,2,-0.10597713253224832,1,-0.3149168144563333,0.20893968192408496,1.156214318150484,0.11562143181504841,0.3316240820470756,0.15246660568987602,1.2281519619532195
ds003690,alpha,,0.25,0.0,2,0.20440762159185497,1,-0.3149168144563333,0.5193244360481882,1.1716079596553801,0.29290198991384503,0.33664623219615775,0.15246660568987602,1.226691384621138
ds003690,alpha,,0.5,0.0,2,0.6852223983981374,1,-0.3149168144563333,1.0001392128544706,1.1956992355730565,0.5978496177865282,0.3446064624507157,0.15246660568987602,1.2225999053830645
ds003690,alpha,,0.75,0.0,2,1.0958043841248635,1,-0.3149168144563333,1.4107211985811967,1.2170337314256274,0.9127752985692206,0.3517740400610728,0.15246660568987602,1.2144068781505684
ds003690,alpha,,1.0,0.0,2,1.462285673857956,1,-0.3149168144563333,1.7772024883142892,1.2347918042833852,1.2347918042833852,0.35785825498607504,0.15246660568987602,1.1996171276820105
ds003690,alpha,,0.1,1.0,2,1.0017862308696912,1,0.8386108244515312,0.16317540641815997,1.1483725749037847,0.11483725749037849,0.33161446474414835,0.15246660568987602,1.6012726964291342
ds003690,alpha,,0.25,1.0,2,1.2293559256180588,1,0.8386108244515312,0.3907451011665276,1.1640517889896556,0.2910129472474139,0.3367907380609672,0.15246660568987602,1.6397637454664102
ds003690,alpha,,0.5,1.0,2,1.5832525408882983,1,0.8386108244515312,0.744641716436767,1.1889206247210882,0.5944603123605441,0.345092814841858,0.15246660568987602,1.7014016895122042
ds003690,alpha,,0.75,1.0,2,1.9554743169073197,1,0.8386108244515312,1.1168634924557885,1.2113056273745937,0.9084792205309453,0.35267392057711283,0.15246660568987602,1.7536192453749098
ds003690,alpha,,1.0,1.0,2,2.4000604185182546,1,0.8386108244515312,1.5614495940667235,1.2302433344654244,1.2302433344654244,0.35919273082896463,0.15246660568987602,1.7890769704786043
ds003690,synthetic,0.3,0.1,0.0,3,-0.1925931102304341,1,-0.26536196902776504,0.07276885879733094,0.5040883782376339,0.05040883782376339,0.1443400362059082,0.2849773014149298,4.129554459583007
ds003690,synthetic,0.3,0.25,0.0,3,-0.05397687416965779,1,-0.26536196902776504,0.21138509485810725,0.5249233956037647,0.13123084890094117,0.15040137909500226,0.2849773014149298,4.130111966062582
ds003690,synthetic,0.3,0.5,0.0,3,0.24307424047133236,1,-0.26536196902776504,0.5084362094990974,0.5577342365256774,0.2788671182628387,0.1600096360489621,0.2849773014149298,4.109538545986248
ds003690,synthetic,0.3,0.75,0.0,3,0.5960889017984127,1,-0.26536196902776504,0.8614508708261777,0.5868043508935672,0.4401032631701754,0.16860869322557553,0.2849773014149298,4.043531191063315
ds003690,synthetic,0.3,1.0,0.0,3,0.9685124288110359,1,-0.26536196902776504,1.233874397838801,0.6107961561348626,0.6107961561348626,0.17580059054718655,0.2849773014149298,3.912563970610657
ds003690,synthetic,0.3,0.1,1.0,3,0.9209213758811626,1,0.8385846613923873,0.08233671448877533,0.5127376768252773,0.05127376768252773,0.14776948438229418,0.2849773014149298,4.755671023937335
ds003690,synthetic,0.3,0.25,1.0,3,1.0584120489189568,1,0.8385846613923873,0.2198273875265695,0.5340115282925589,0.13350288207313973,0.15404316715094993,0.2849773014149298,4.844908041807282
ds003690,synthetic,0.3,0.5,1.0,3,1.3144838918424109,1,0.8385846613923873,0.4758992304500236,0.5679977017624113,0.28399885088120563,0.16415539075340402,0.2849773014149298,4.978010120566667
ds003690,synthetic,0.3,0.75,1.0,3,1.6011909520579903,1,0.8385846613923873,0.762606290665603,0.5985618074615162,0.44892135559613716,0.1733773887278735,0.2849773014149298,5.075071879771542
ds003690,synthetic,0.3,1.0,1.0,3,1.9355911153204999,1,0.8385846613923873,1.0970064539281126,0.6240772682144214,0.6240772682144214,0.1812196482331857,0.2849773014149298,5.117240732261829
ds003690,synthetic,0.6,0.1,0.0,3,-0.13388579236019096,1,-0.26536196902776504,0.13147617666757408,0.963945172293105,0.0963945172293105,0.2761139742083159,0.590924784792636,4.137409907491578
ds003690,synthetic,0.6,0.25,0.0,3,0.09274641230005827,1,-0.26536196902776504,0.3581083813278233,0.9828209896539921,0.24570524741349803,0.28185534106616406,0.590924784792636,4.151494597256654
ds003690,synthetic,0.6,0.5,0.0,3,0.5332359707154777,1,-0.26536196902776504,0.7985979397432428,1.0121656704569209,0.5060828352284604,0.29092856277752416,0.590924784792636,4.160535263154138
ds003690,synthetic,0.6,0.75,0.0,3,1.015600130521876,1,-0.26536196902776504,1.2809620995496411,1.0377157449587848,0.7782868087190886,0.2990473648778548,0.590924784792636,4.137839154519639
ds003690,synthetic,0.6,1.0,0.0,3,1.532012056363362,1,-0.26536196902776504,1.797374025391127,1.0583507250201234,1.0583507250201234,0.3058783566500069,0.590924784792636,4.069388741401439
ds003690,synthetic,0.6,0.1,1.0,3,0.9858512621886643,1,0.8385846613923873,0.14726660079627696,0.9807116575359841,0.09807116575359842,0.2827814090288527,0.590924784792636,4.824840026240536
ds003690,synthetic,0.6,0.25,1.0,3,1.2123800137521903,1,0.8385846613923873,0.373795352359803,1.0006424409749812,0.2501606102437453,0.28905334984733183,0.590924784792636,5.0281561268408685
ds003690,synthetic,0.6,0.5,1.0,3,1.620565151189185,1,0.8385846613923873,0.7819804897967977,1.0324615745212034,0.5162307872606017,0.2993754506329285,0.590924784792636,5.3863611051331315
ds003690,synthetic,0.6,0.75,1.0,3,2.134421118980788,1,0.8385846613923873,1.2958364575884007,1.0607358856515585,0.7955519142386689,0.3090387820456795,0.590924784792636,5.771392454956062
ds003690,synthetic,0.6,1.0,1.0,3,2.725143241482338,1,0.8385846613923873,1.886558580089951,1.0835505045183098,1.0835505045183098,0.31747865868963254,0.590924784792636,6.200559273498111
ds003690,alpha,,0.1,0.0,3,-0.042184636815005616,1,-0.26536196902776504,0.22317733221275943,1.156990287528956,0.1156990287528956,0.33158057194220447,0.15246660568987602,4.10801239008526
ds003690,alpha,,0.25,0.0,3,0.30496719853727644,1,-0.26536196902776504,0.5703291675650415,1.1736427887267256,0.2934106971816814,0.3369950909025473,0.15246660568987602,4.083187592977743
ds003690,alpha,,0.5,0.0,3,0.8660173029605481,1,-0.26536196902776504,1.1313792719883131,1.1996021328070172,0.5998010664035086,0.34557025819713755,0.15246660568987602,4.0368368669596695
ds003690,alpha,,0.75,0.0,3,1.3649571664477311,1,-0.26536196902776504,1.6303191354754962,1.2223423771899307,0.916756782892448,0.35324984830735384,0.15246660568987602,3.963976567127851
ds003690,alpha,,1.0,0.0,3,1.90038105094259,1,-0.26536196902776504,2.165743019970355,1.2409224725382837,1.2409224725382837,0.3597016444627757,0.15246660568987602,3.845060026559137
ds003690,alpha,,0.1,1.0,3,1.012815507619072,1,0.8385846613923873,0.1742308462266846,1.1483430489574025,0.11483430489574026,0.33121396758018073,0.15246660568987602,4.646971603232005
ds003690,alpha,,0.25,1.0,3,1.256244607546729,1,0.8385846613923873,0.41765994615434177,1.1653667613415792,0.2913416903353948,0.33681518798818705,0.15246660568987602,4.58933769180823
ds003690,alpha,,0.5,1.0,3,1.6384182562401692,1,0.8385846613923873,0.7998335948477819,1.1921795894295737,0.5960897947147868,0.3457662871416966,0.15246660568987602,4.513610342479079
ds003690,alpha,,0.75,1.0,3,2.0626353256001804,1,0.8385846613923873,1.224050664207793,1.21599417937709,0.9119956345328175,0.35387438048006437,0.15246660568987602,4.436074193679161
ds003690,alpha,,1.0,1.0,3,2.618346770159713,1,0.8385846613923873,1.7797621087673259,1.2357758845807634,1.2357758845807634,0.36076924952886125,0.15246660568987602,4.328855589375703
ds003690,synthetic,0.3,0.1,0.0,4,-0.2835930197903365,1,-0.35511723594889305,0.07152421615855653,0.44697048281289586,0.04469704828128959,0.1281275739959625,0.29946905176613386,1.5836176279673404
ds003690,synthetic,0.3,0.25,0.0,4,-0.16299415668529157,1,-0.35511723594889305,0.19212307926360148,0.4635024210579116,0.1158756052644779,0.13295125066621027,0.29946905176613386,1.579018820769597
ds003690,synthetic,0.3,0.5,0.0,4,0.07317472818310719,1,-0.35511723594889305,0.4282919641320002,0.4895779074874758,0.2447889537437379,0.14059847600370914,0.29946905176613386,1.573658151839729
ds003690,synthetic,0.3,0.75,0.0,4,0.3543155733771219,1,-0.35511723594889305,0.7094328093260149,0.5127894363670569,0.38459207727529265,0.14746027685371002,0.29946905176613386,1.5723142158845649
ds003690,synthetic,0.3,1.0,0.0,4,0.6780692855514071,1,-0.35511723594889305,1.0331865215003002,0.5321070327606743,0.5321070327606743,0.15323429098189947,0.29946905176613386,1.5761957521124763
ds003690,synthetic,0.3,0.1,1.0,4,0.9788056821589863,1,0.9195733996400552,0.05923228251893109,0.45314868563266814,0.045314868563266816,0.1308126222725884,0.29946905176613386,2.1773140610065003
ds003690,synthetic,0.3,0.25,1.0,4,1.0734945725459322,1,0.9195733996400552,0.15392117290587692,0.47013492233063736,0.11753373058265934,0.13582352912469722,0.29946905176613386,2.2067442476213652
ds003690,synthetic,0.3,0.5,1.0,4,1.2476934078631323,1,0.9195733996400552,0.3281200082230771,0.49746432805469804,0.24873216402734902,0.1439266791186746,0.29946905176613386,2.2568970834869266
ds003690,synthetic,0.3,0.75,1.0,4,1.4493979613396706,1,0.9195733996400552,0.5298245616996153,0.5223744101819817,0.39178080763648626,0.1513691293031161,0.29946905176613386,2.3085475680816203
ds003690,synthetic,0.3,1.0,1.0,4,1.698659983758351,1,0.9195733996400552,0.7790865841182957,0.5435824075387115,0.5435824075387115,0.1577685251684111,0.29946905176613386,2.361280902967589
ds003690,synthetic,0.6,0.1,0.0,4,-0.2174194100042267,1,-0.35511723594889305,0.13769782594466634,0.9229922701023731,0.09229922701023731,0.26468331576020127,0.604192138450184,1.5840352234270194
ds003690,synthetic,0.6,0.25,0.0,4,0.0024305892732378355,1,-0.35511723594889305,0.3575478252221309,0.9376835162551019,0.23442087906377548,0.26922417281796046,0.604192138450184,1.5801598721497916
ds003690,synthetic,0.6,0.5,0.0,4,0.4000384554341637,1,-0.35511723594889305,0.7551556913830568,0.9605594376114449,0.48027971880572246,0.27639802119331575,0.604192138450184,1.577784844510492
ds003690,synthetic,0.6,0.75,0.0,4,0.8265219914310219,1,-0.35511723594889305,1.181639227379915,0.9806194392812504,0.7354645794609378,0.2828385066956759,0.604192138450184,1.5844974629858708
ds003690,synthetic,0.6,1.0,0.0,4,1.2798781663272478,1,-0.35511723594889305,1.6349954022761408,0.9970966272149269,0.9970966272149269,0.2883114442382246,0.604192138450184,1.6047995001912088
ds003690,synthetic,0.6,0.1,1.0,4,1.0439543927989476,1,0.9195733996400552,0.1243809931588924,0.9348922883167923,0.09348922883167923,0.2700252790800711,0.604192138450184,2.2355093828549766
ds003690,synthetic,0.6,0.25,1.0,4,1.2298425137546931,1,0.9195733996400552,0.31026911411463787,0.9504179983774138,0.23760449959435345,0.27497718777607943,0.604192138450184,2.3592129277832536
ds003690,synthetic,0.6,0.5,1.0,4,1.5597715093251943,1,0.9195733996400552,0.640198109685139,0.9755679066613584,0.4877839533306792,0.2831755601030391,0.604192138450184,2.5871960833216985
ds003690,synthetic,0.6,0.75,1.0,4,1.9989741795432756,1,0.9195733996400552,1.0794007799032204,0.9986341619481393,0.7489756214611044,0.2909665445963659,0.604192138450184,2.847005491553288
ds003690,synthetic,0.6,1.0,1.0,4,2.843063165590832,1,0.9195733996400552,1.9234897659507768,1.018267218355852,1.018267218355852,0.29794038791565525,0.604192138450184,3.1453608325794082
ds003690,alpha,,0.1,0.0,4,-0.17220242959529256,1,-0.35511723594889305,0.1829148063536005,1.1555360227082305,0.11555360227082306,0.33145228000528265,0.15246660568987602,1.5896914018207389
ds003690,alpha,,0.25,0.0,4,0.09401221925836259,1,-0.35511723594889305,0.44912945520725567,1.1688954619899472,0.2922238654974868,0.3358008634798161,0.15246660568987602,1.591657726955225
ds003690,alpha,,0.5,0.0,4,0.5008013946299473,1,-0.35511723594889305,0.8559186305788404,1.1898975843400423,0.5949487921700212,0.3427014437426806,0.15246660568987602,1.5860581665676978
ds003690,alpha,,0.75,0.0,4,0.8442709666526038,1,-0.35511723594889305,1.1993882026014968,1.2086255792009473,0.9064691844007104,0.3489296847551425,0.15246660568987602,1.5634165265347282
ds003690,alpha,,1.0,0.0,4,1.1281723994422004,1,-0.35511723594889305,1.4832896353910934,1.22434468979163,1.22434468979163,0.35423424316845464,0.15246660568987602,1.5178463909048687
ds003690,alpha,,0.1,1.0,4,1.0494910447184966,1,0.9195733996400552,0.1299176450784414,1.1457339604049142,0.11457339604049142,0.33095180728877405,0.15246660568987602,2.1873284603561256
ds003690,alpha,,0.25,1.0,4,1.2266902348315398,1,0.9195733996400552,0.3071168351914846,1.1592275616813124,0.2898068904203281,0.3354146466084569,0.15246660568987602,2.2305368130790324
ds003690,alpha,,0.5,1.0,4,1.4892971152631131,1,0.9195733996400552,0.5697237156230579,1.1806910671693662,0.5903455335846831,0.3425702710986719,0.15246660568987602,2.291972115219867
ds003690,alpha,,0.75,1.0,4,1.7353600442494355,1,0.9195733996400552,0.8157866446093802,1.2001333704338462,0.9001000278253846,0.3491131712592791,0.15246660568987602,2.326609269825422
ds003690,alpha,,1.0,1.0,4,1.9920462264742904,1,0.9195733996400552,1.0724728268342352,1.216762189215792,1.216762189215792,0.35476236948562884,0.15246660568987602,2.3203097694232016
ec_pre,synthetic,0.3,0.1,0.0,0,0.15231546085502018,1,0.06867802896327704,0.08363743189174314,0.7668634802254484,0.07668634802254484,0.12130682633941232,0.29546663173566723,10.012959889880426
ec_pre,synthetic,0.3,0.25,0.0,0,0.3168656528597517,1,0.06867802896327704,0.24818762389647467,0.8657094654728743,0.21642736636821858,0.13723855612812,0.29546663173566723,10.018802780460486
ec_pre,synthetic,0.3,0.5,0.0,0,0.6908736481475136,1,0.06867802896327704,0.6221956191842366,1.0184274651780914,0.5092137325890457,0.16214503455537146,0.29546663173566723,10.027422467627076
ec_pre,synthetic,0.3,0.75,0.0,0,1.1912390198167748,1,0.06867802896327704,1.1225609908534977,1.149042727470532,0.861782045602899,0.1838477761023027,0.29546663173566723,10.028350024217767
ec_pre,synthetic,0.3,1.0,0.0,0,1.8380332130078065,1,0.06867802896327704,1.7693551840445294,1.2516424102872428,1.2516424102872428,0.20132294820655983,0.29546663173566723,10.008610905512509
ec_pre,synthetic,0.3,0.1,1.0,0,1.1523761210451873,1,1.0544287971352633,0.097947323909924,0.8026308688576812,0.08026308688576812,0.12901004669778127,0.29546663173566723,10.718938429321542
ec_pre,synthetic,0.3,0.25,1.0,0,1.334992923016983,1,1.0544287971352633,0.28056412588171975,0.9004975281017286,0.22512438202543214,0.14507610419784037,0.29546663173566723,10.87493446025144
ec_pre,synthetic,0.3,0.5,1.0,0,1.7372484912903297,1,1.0544287971352633,0.6828196941550664,1.0530992381314876,0.5265496190657438,0.1704178385268158,0.29546663173566723,11.136302819426355
ec_pre,synthetic,0.3,0.75,1.0,0,2.2755413113612852,1,1.0544287971352633,1.221112514226022,1.1850895328842326,0.8888171496631745,0.19273303393130897,0.29546663173566723,11.388398646144152
ec_pre,synthetic,0.3,1.0,1.0,0,2.981536896371957,1,1.0544287971352633,1.9271080992366936,1.2899475844880168,1.2899475844880168,0.21087643524586086,0.29546663173566723,11.610562147684364
ec_pre,synthetic,0.6,0.1,0.0,0,0.23344200732153492,1,0.06867802896327704,0.16476397835825787,1.5609044063894015,0.15609044063894018,0.24725806082141102,0.598236731591412,10.012836291900953
ec_pre,synthetic,0.6,0.25,0.0,0,0.5160252676946816,1,0.06867802896327704,0.4473472387314046,1.6490120498154572,0.4122530124538643,0.2623191268150208,0.598236731591412,10.018743189981183
ec_pre,synthetic,0.6,0.5,0.0,0,1.073891855431628,1,0.06867802896327704,1.0052138264683508,1.7818452973983128,0.8909226486991564,0.2855926224184253,0.598236731591412,10.028843828505279
ec_pre,synthetic,0.6,0.75,0.0,0,1.742562462442784,1,0.06867802896327704,1.6738844334795069,1.891721774593213,1.4187913309449096,0.305562924949673,0.598236731591412,10.03331141542618
ec_pre,synthetic,0.6,1.0,0.0,0,2.5467580029588355,1,0.06867802896327704,2.4780799739955586,1.974690710260902,1.974690710260902,0.32137141322038815,0.598236731591412,10.01894537269406
ec_pre,synthetic,0.6,0.1,1.0,0,1.2474747940096662,1,1.0544287971352633,0.19304599687440294,1.632447121438196,0.1632447121438196,0.2628024079787495,0.598236731591412,10.82480064085999
ec_pre,synthetic,0.6,0.25,1.0,0,1.5713199087721355,1,1.0544287971352633,0.5168911116368722,1.7198160225183956,0.4299540056295989,0.27818025258361045,0.598236731591412,11.147160304817893
ec_pre,synthetic,0.6,0.5,1.0,0,2.208862360543542,1,1.0544287971352633,1.1544335634082787,1.853341641809944,0.926670820904972,0.30234468102531775,0.598236731591412,11.70729759442719
ec_pre,synthetic,0.6,0.75,1.0,0,2.990560168730421,1,1.0544287971352633,1.9361313715951578,1.9650996893805495,1.473824767035412,0.32345381949667446,0.598236731591412,12.28610049628763
ec_pre,synthetic,0.6,1.0,1.0,0,,0,1.0544287971352633,,2.04989218339632,2.04989218339632,0.34040074236849927,0.598236731591412,12.861989961862076
ec_pre,alpha,,0.1,0.0,0,0.3799575588065596,1,0.06867802896327704,0.31127952984328255,2.993214986173244,0.29932149861732443,0.4754534505024911,0.15477620896693484,10.007812906228958
ec_pre,alpha,,0.25,0.0,0,0.8462887284616644,1,0.06867802896327704,0.7776106994983873,3.044029202978781,0.7610073007446952,0.4873722949724224,0.15477620896693484,10.001102769432634
ec_pre,alpha,,0.5,0.0,0,1.6237596899379143,1,0.06867802896327704,1.5550816609746372,3.114079273982138,1.557039636991069,0.5048336519843097,0.15477620896693484,9.956622397171932
ec_pre,alpha,,0.75,0.0,0,2.4222557547878942,1,0.06867802896327704,2.3535777258246173,3.165693316840656,2.374269987630492,0.5188741606222645,0.15477620896693484,9.84207943010382
ec_pre,alpha,,1.0,0.0,0,,0,0.06867802896327704,,3.19950046010851,3.19950046010851,0.5292120936433594,0.15477620896693484,9.634200551270817
ec_pre,alpha,,0.1,1.0,0,1.3353916445967289,1,1.0544287971352633,0.2809628474614656,2.9341257436713817,0.2934125743671382,0.47345983293532745,0.15477620896693484,10.665835994771676
ec_pre,alpha,,0.25,1.0,0,1.7578393314390537,1,1.0544287971352633,0.7034105343037904,2.9848993211732338,0.7462248302933084,0.48540393943097615,0.15477620896693484,10.73615558145209
ec_pre,alpha,,0.5,1.0,0,2.4660536876215953,1,1.0544287971352633,1.411624890486332,3.0560333761937004,1.5280166880968502,0.5030365389549254,0.15477620896693484,10.817925032646041
ec_pre,alpha,,0.75,1.0,0,,0,1.0544287971352633,,3.10991458817715,2.3324359411328626,0.5173639872479052,0.15477620896693484,10.822144252417331
ec_pre,alpha,,1.0,1.0,0,,0,1.0544287971352633,,3.1469548488404078,3.1469548488404078,0.52805542482373,0.15477620896693484,10.721108282028553
ec_pre,synthetic,0.3,0.1,0.0,1,0.1324460822554752,1,0.049684962317925206,0.08276111993754998,0.7699131989723573,0.07699131989723573,0.12192169363056611,0.29509119083078955,9.393478521484623
ec_pre,synthetic,0.3,0.25,0.0,1,0.29723295453277937,1,0.049684962317925206,0.24754799221485416,0.8708752673428559,0.21771881683571398,0.13823181970440523,0.29509119083078955,9.396308068622263
ec_pre,synthetic,0.3,0.5,0.0,1,0.6789662885573337,1,0.049684962317925206,0.6292813262394085,1.0262790191807891,0.5131395095903946,0.16365847250471702,0.29509119083078955,9.396830752175351
ec_pre,synthetic,0.3,0.75,0.0,1,1.201600122493533,1,0.049684962317925206,1.151915160175608,1.1584449338384635,0.8688337003788476,0.18572702204681005,0.29509119083078955,9.384361239463049
ec_pre,synthetic,0.3,1.0,0.0,1,1.8912758510602252,1,0.049684962317925206,1.8415908887423,1.261493361755544,1.261493361755544,0.2034084816309185,0.29509119083078955,9.347228934155968
ec_pre,synthetic,0.3,0.1,1.0,1,1.0996923523809732,1,1.0008185769641897,0.09887377541678344,0.8084283609543105,0.08084283609543105,0.12996465987669295,0.29509119083078955,10.023395749538304
ec_pre,synthetic,0.3,0.25,1.0,1,1.2881109102319106,1,1.0008185769641897,0.28729233326772086,0.9085785678745428,0.2271446419686357,0.1464230810813793,0.29509119083078955,10.168743269574792
ec_pre,synthetic,0.3,0.5,1.0,1,1.714684753700453,1,1.0008185769641897,0.7138661767362633,1.0642767069087702,0.5321383534543851,0.17233689207352854,0.29509119083078955,10.408846676907526
ec_pre,synthetic,0.3,0.75,1.0,1,2.302041869848192,1,1.0008185769641897,1.3012232928840024,1.198237388933456,0.8986780417000921,0.19508667375990615,0.29509119083078955,10.634903507262031
ec_pre,synthetic,0.3,1.0,1.0,1,,0,1.0008185769641897,,1.3038244561332957,1.3038244561332957,0.21350198360357353,0.29509119083078955,10.82944423021996
ec_pre,synthetic,0.6,0.1,0.0,1,0.2117574318798221,1,0.049684962317925206,0.1620724695618969,1.5498063851107604,0.15498063851107605,0.2457560794553327,0.5980477525864096,9.39289562025216
ec_pre,synthetic,0.6,0.25,0.0,1,0.4917716154915715,1,0.049684962317925206,0.4420866531736463,1.6402091480917085,0.4100522870229271,0.2612136946470759,0.5980477525864096,9.395179688491876
ec_pre,synthetic,0.6,0.5,0.0,1,1.0537378482630362,1,0.049684962317925206,1.004052885945111,1.7762199763844693,0.8881099881922346,0.28505778082293437,0.5980477525864096,9.396158870018368
ec_pre,synthetic,0.6,0.75,0.0,1,1.7433809072164566,1,0.049684962317925206,1.6936959448985314,1.8884618128387194,1.4163463596290395,0.3054872700001291,0.5980477525864096,9.38613636363159
ec_pre,synthetic,0.6,1.0,0.0,1,2.5952410844521094,1,0.049684962317925206,2.545556122134184,1.9730007834059857,1.9730007834059857,0.3216452638131447,0.5980477525864096,9.352807162681039
ec_pre,synthetic,0.6,0.1,1.0,1,1.1967698231533905,1,1.0008185769641897,0.1959512461892008,1.6260603349151677,0.16260603349151678,0.2618047021448262,0.5980477525864096,10.12055365207602
ec_pre,synthetic,0.6,0.25,1.0,1,1.5299366212136334,1,1.0008185769641897,0.5291180442494436,1.715841382290474,0.4289603455726185,0.27757511606959445,0.5980477525864096,10.418123477968305
ec_pre,synthetic,0.6,0.5,1.0,1,2.199939175904296,1,1.0008185769641897,1.1991205989401064,1.8528128750019106,0.9264064375009553,0.3023264503460887,0.5980477525864096,10.929551098524119
ec_pre,synthetic,0.6,0.75,1.0,1,,0,1.0008185769641897,,1.9671332628999918,1.4753499471749938,0.3239196436081224,0.5980477525864096,11.447903374494564
ec_pre,synthetic,0.6,1.0,1.0,1,,0,1.0008185769641897,,2.0534877794596986,2.0534877794596986,0.3412305316485318,0.5980477525864096,11.951356907396692
ec_pre,alpha,,0.1,0.0,1,0.37053245826441195,1,0.049684962317925206,0.32084749594648676,2.992044708947942,0.29920447089479424,0.47578634751777005,0.15477620896693484,9.389693581598554
ec_pre,alpha,,0.25,0.0,1,0.8518512741907823,1,0.049684962317925206,0.8021663118728571,3.0439481213269586,0.7609870303317396,0.48796713471271425,0.15477620896693484,9.382082003608797
ec_pre,alpha,,0.5,0.0,1,1.6581251441402731,1,0.049684962317925206,1.608440181822348,3.115495177896183,1.5577475889480914,0.5058093813715134,0.15477620896693484,9.33725892892568
ec_pre,alpha,,0.75,0.0,1,2.495533180853683,1,0.049684962317925206,2.4458482185357577,3.1682747423145554,2.3762060567359167,0.520155492010178,0.15477620896693484,9.230021801321023
ec_pre,alpha,,1.0,0.0,1,,0,0.049684962317925206,,3.202912635416638,3.202912635416638,0.5307150798016962,0.15477620896693484,9.049884442793072
ec_pre,alpha,,0.1,1.0,1,1.2958884672951918,1,1.0008185769641897,0.29506989033100206,2.9369196872639747,0.29369196872639747,0.47400259142979295,0.15477620896693484,9.967688271174056
ec_pre,alpha,,0.25,1.0,1,1.7423308728120783,1,1.0008185769641897,0.7415122958478886,2.9889027104619603,0.7472256776154901,0.4862093934729054,0.15477620896693484,10.0229507166528
ec_pre,alpha,,0.5,1.0,1,2.499252283339225,1,1.0008185769641897,1.498433706375035,3.0616843390191146,1.5308421695095573,0.5042238599167123,0.15477620896693484,10.077624247076482
ec_pre,alpha,,0.75,1.0,1,,0,1.0008185769641897,,3.116833416770256,2.337625062577692,0.5188581382892186,0.15477620896693484,10.056381916520483
ec_pre,alpha,,1.0,1.0,1,,0,1.0008185769641897,,3.1547744906497197,3.1547744906497197,0.5297746151947024,0.15477620896693484,9.940944987828859
ec_pre,synthetic,0.3,0.1,0.0,2,0.09783934940579615,1,0.0037753171606913763,0.09406403224510478,0.8910105861378798,0.08910105861378798,0.14075881821264022,0.30093935978610314,10.296152529268015
ec_pre,synthetic,0.3,0.25,0.0,2,0.27618802622590893,1,0.0037753171606913763,0.2724127090652176,0.9927599631302374,0.24818999078255935,0.15729486769158987,0.30093935978610314,10.294398693265347
ec_pre,synthetic,0.3,0.5,0.0,2,0.6668422610552592,1,0.0037753171606913763,0.6630669438945679,1.148897874716293,0.5744489373581465,0.1830633247714088,0.30093935978610314,10.29113464576364
ec_pre,synthetic,0.3,0.75,0.0,2,1.1722417485452887,1,0.0037753171606913763,1.1684664313845974,1.2811378835487137,0.9608534126615353,0.20541885061305895,0.30093935978610314,10.282305974217344
ec_pre,synthetic,0.3,1.0,0.0,2,1.8037005684463958,1,0.0037753171606913763,1.7999252512857045,1.3837375000766992,1.3837375000766992,0.22332681692682646,0.30093935978610314,10.259752859635055
ec_pre,synthetic,0.3,0.1,1.0,2,1.079963855034037,1,0.9736105688731004,0.10635328616093653,0.9261159468178078,0.09261159468178079,0.14878614388967634,0.30093935978610314,10.996694893848685
ec_pre,synthetic,0.3,0.25,1.0,2,1.2742081530384832,1,0.9736105688731004,0.30059758416538285,1.0268745279508822,0.25671863198772055,0.1654868428120466,0.30093935978610314,11.159274820810511
ec_pre,synthetic,0.3,0.5,1.0,2,1.6932211488994127,1,0.9736105688731004,0.7196105800263123,1.183060204755953,0.5915301023779765,0.19177456377511173,0.30093935978610314,11.43743503887923
ec_pre,synthetic,0.3,0.75,1.0,2,2.2437766142307902,1,0.9736105688731004,1.2701660453576897,1.316872473659493,0.9876543552446198,0.21484316684612195,0.30093935978610314,11.71931130424488
ec_pre,synthetic,0.3,1.0,1.0,2,2.9483962381587596,1,0.9736105688731004,1.9747856692856591,1.4217970509316378,1.4217970509316378,0.23351248048122286,0.30093935978610314,11.995199037164813
ec_pre,synthetic,0.6,0.1,0.0,2,0.1723135073060234,1,0.0037753171606913763,0.16853819014533203,1.6483397057544948,0.1648339705754495,0.26075700461138895,0.6009794587896805,10.294159771138206
ec_pre,synthetic,0.6,0.25,0.0,2,0.4583840097863234,1,0.0037753171606913763,0.454608692625632,1.737919429372652,0.434479857343163,0.2762954972289701,0.6009794587896805,10.289567979540479
ec_pre,synthetic,0.6,0.5,0.0,2,1.0165364985772898,1,0.0037753171606913763,1.0127611814165984,1.8723742228481803,0.9361871114240902,0.3003000273482755,0.6009794587896805,10.283870311058175
ec_pre,synthetic,0.6,0.75,0.0,2,1.680419463975739,1,0.0037753171606913763,1.6766441468150477,1.983000327017833,1.4872502452633747,0.3209234712401635,0.6009794587896805,10.27991397665178
ec_pre,synthetic,0.6,1.0,0.0,2,2.477431773433329,1,0.0037753171606913763,2.4736564562726375,2.065987396480001,2.065987396480001,0.337301576519473,0.6009794587896805,10.276523251628372
ec_pre,synthetic,0.6,0.1,1.0,2,1.1679985405033815,1,0.9736105688731004,0.1943879716302811,1.7201532650650064,0.17201532650650064,0.2767769177952417,0.6009794587896805,11.101128041657413
ec_pre,synthetic,0.6,0.25,1.0,2,1.4921530404067767,1,0.9736105688731004,0.5185424715336763,1.8091191002472298,0.45227977506180744,0.2926851953743164,0.6009794587896805,11.427112205193797
ec_pre,synthetic,0.6,0.5,1.0,2,2.130869407041724,1,0.9736105688731004,1.1572588381686235,1.9445463712044377,0.9722731856022189,0.31770262519263476,0.6009794587896805,11.999359196111671
ec_pre,synthetic,0.6,0.75,1.0,2,2.934856848176303,1,0.9736105688731004,1.9612462793032024,2.0570354387278003,1.5427765790458503,0.3395796116101766,0.6009794587896805,12.611823184001693
ec_pre,synthetic,0.6,1.0,1.0,2,,0,0.9736105688731004,,2.141232082401742,2.141232082401742,0.3571575166992053,0.6009794587896805,13.27173525046543
ec_pre,alpha,,0.1,0.0,2,0.30173587356745574,1,0.0037753171606913763,0.2979605564067644,3.0053912422416293,0.30053912422416296,0.47659448913745406,0.15477620896693484,10.293525879088538
ec_pre,alpha,,0.25,0.0,2,0.7495471003390125,1,0.0037753171606913763,0.7457717831783212,3.058210189277822,0.7645525473194555,0.48896539987730214,0.15477620896693484,10.281911551043823
ec_pre,alpha,,0.5,0.0,2,1.5002091000722788,1,0.0037753171606913763,1.4964337829115875,3.1305795348255514,1.5652897674127757,0.5070633632544358,0.15477620896693484,10.23186409088665
ec_pre,alpha,,0.75,0.0,2,2.284826949906984,1,0.0037753171606913763,2.2810516327462924,3.183299554830879,2.3874746661231594,0.5215765427405367,0.15477620896693484,10.121815946936715
ec_pre,alpha,,1.0,0.0,2,,0,0.0037753171606913763,,3.217121751358888,3.217121751358888,0.532216189267499,0.15477620896693484,9.937342360355778
ec_pre,alpha,,0.1,1.0,2,1.2397279888952346,1,0.9736105688731004,0.26611742002213423,2.9415385440112978,0.2941538544011298,0.47423366626440244,0.15477620896693484,10.932493600511995
ec_pre,alpha,,0.25,1.0,2,1.644767311366131,1,0.9736105688731004,0.6711567424930306,2.994714661306933,0.7486786653267332,0.48664930243613913,0.15477620896693484,10.991384074294428
ec_pre,alpha,,0.5,1.0,2,2.3407230048129004,1,0.9736105688731004,1.3671124359398,3.0689350492820435,1.5344675246410218,0.5049630334476239,0.15477620896693484,11.058916142219424
ec_pre,alpha,,0.75,1.0,2,,0,0.9736105688731004,,3.1246862541321834,2.3435146905991378,0.5198121919880536,0.15477620896693484,11.061045649041933
ec_pre,alpha,,1.0,1.0,2,,0,0.9736105688731004,,3.162393447029948,3.162393447029948,0.5308503930596784,0.15477620896693484,10.976897791009728
ec_pre,synthetic,0.3,0.1,0.0,3,0.10046675017364191,1,0.016433016755566306,0.0840337334180756,0.8540072697135461,0.08540072697135462,0.13513173586135513,0.30488437307713084,9.350766566339788
ec_pre,synthetic,0.3,0.25,0.0,3,0.25762674555506065,1,0.016433016755566306,0.24119372879949436,0.9523343818871236,0.2380835954717809,0.1510915214800066,0.30488437307713084,9.352993805206538
ec_pre,synthetic,0.3,0.5,0.0,3,0.5994274427709566,1,0.016433016755566306,0.5829944260153903,1.1034357098455534,0.5517178549227767,0.17594394185910167,0.30488437307713084,9.355733809296721
ec_pre,synthetic,0.3,0.75,0.0,3,1.0431904781403714,1,0.016433016755566306,1.026757461384805,1.2318030155278399,0.92385226164588,0.19749104143474752,0.30488437307713084,9.36164836242928
ec_pre,synthetic,0.3,1.0,0.0,3,1.6010880166201145,1,0.016433016755566306,1.584654999864548,1.3318587346878605,1.3318587346878605,0.2147370106275271,0.30488437307713084,9.382431129382127
ec_pre,synthetic,0.3,0.1,1.0,3,1.0574889981748894,1,0.9612003917628384,0.09628860641205095,0.8882123443359752,0.08882123443359752,0.14292454372633742,0.30488437307713084,10.045654428510394
ec_pre,synthetic,0.3,0.25,1.0,3,1.2323856350769422,1,0.9612003917628384,0.27118524331410376,0.9855213203770589,0.24638033009426472,0.15901909156902108,0.30488437307713084,10.207541253598988
ec_pre,synthetic,0.3,0.5,1.0,3,1.6091361387726235,1,0.9612003917628384,0.6479357470097851,1.136702795014053,0.5683513975070265,0.18434241269804658,0.30488437307713084,10.505712981853371
ec_pre,synthetic,0.3,0.75,1.0,3,2.104344056533475,1,0.9612003917628384,1.1431436647706366,1.26681818492214,0.950113638691605,0.2065637912896801,0.30488437307713084,10.87626834803679
ec_pre,synthetic,0.3,1.0,1.0,3,2.738589170926092,1,0.9612003917628384,1.7773887791632537,1.369505808806098,1.369505808806098,0.2245451723852471,0.30488437307713084,11.3988231965656
ec_pre,synthetic,0.6,0.1,0.0,3,0.1746369962821299,1,0.016433016755566306,0.1582039795265636,1.6246498659918918,0.16246498659918918,0.257435154129075,0.6057361512450499,9.349923630242085
ec_pre,synthetic,0.6,0.25,0.0,3,0.4400459713356847,1,0.016433016755566306,0.4236129545801184,1.7116202058770735,0.4279050514692684,0.27250134072712195,0.6057361512450499,9.351855053910436
ec_pre,synthetic,0.6,0.5,0.0,3,0.9535826545527964,1,0.016433016755566306,0.9371496377972302,1.8423428485738589,0.9211714242869294,0.2957332488340019,0.6057361512450499,9.357882793032292
ec_pre,synthetic,0.6,0.75,0.0,3,1.5612199338663488,1,0.016433016755566306,1.5447869171107824,1.9501865790799164,1.4626399343099372,0.315628576534137,0.6057361512450499,9.373284829142465
ec_pre,synthetic,0.6,1.0,0.0,3,2.2833340617921127,1,0.016433016755566306,2.2669010450365463,2.031439522360938,2.031439522360938,0.33134958767005723,0.6057361512450499,9.411736796514294
ec_pre,synthetic,0.6,0.1,1.0,3,1.1451539353902558,1,0.9612003917628384,0.18395354362741734,1.6938959756990997,0.16938959756990998,0.27299867959677987,0.6057361512450499,10.148820027093775
ec_pre,synthetic,0.6,0.25,1.0,3,1.4501022510938122,1,0.9612003917628384,0.48890185933097374,1.7801440000612938,0.44503600001532345,0.2883814109054943,0.6057361512450499,10.4734765263341
ec_pre,synthetic,0.6,0.5,1.0,3,2.04168572683201,1,0.9612003917628384,1.0804853350691714,1.9117260009622064,0.9558630004811032,0.31252267409896023,0.6057361512450499,11.065132044473822
ec_pre,synthetic,0.6,0.75,1.0,3,2.753138507471915,1,0.9612003917628384,1.7919381157090766,2.0216442211962042,1.516233165897153,0.3335824679197783,0.6057361512450499,11.758682893162854
ec_pre,synthetic,0.6,1.0,1.0,3,,0,0.9612003917628384,,2.104791866727583,2.104791866727583,0.3504573309401818,0.6057361512450499,12.63913071621793
ec_pre,alpha,,0.1,0.0,3,0.31476233276456395,1,0.016433016755566306,0.29832931600899765,2.9890682768807992,0.2989068276880799,0.47490099247325107,0.15477620896693484,9.343949725958721
ec_pre,alpha,,0.25,0.0,3,0.7600947912214677,1,0.016433016755566306,0.7436617744659014,3.038963150183286,0.7597407875458215,0.48687277315285876,0.15477620896693484,9.3329891748069
ec_pre,alpha,,0.5,0.0,3,1.504628625051223,1,0.016433016755566306,1.4881956082956567,3.1077499405930054,1.5538749702965027,0.5044427702389951,0.15477620896693484,9.29119537310376
ec_pre,alpha,,0.75,0.0,3,2.28231394061441,1,0.016433016755566306,2.2658809238588438,3.1584752444783146,2.368856433358736,0.5186073342778973,0.15477620896693484,9.206021390302569
ec_pre,alpha,,1.0,0.0,3,,0,0.016433016755566306,,3.191686609246957,3.191686609246957,0.5290652176954825,0.15477620896693484,9.076942192525742
ec_pre,alpha,,0.1,1.0,3,1.2326434183246895,1,0.9612003917628384,0.27144302656185104,2.927126310845256,0.2927126310845256,0.4728151479445694,0.15477620896693484,10.001260177977052
ec_pre,alpha,,0.25,1.0,3,1.642390639106165,1,0.9612003917628384,0.6811902473433264,2.9773631776602176,0.7443407944150544,0.4848336499099071,0.15477620896693484,10.089015262217377
ec_pre,alpha,,0.5,1.0,3,2.3372109724849137,1,0.9612003917628384,1.3760105807220753,3.0479057887683894,1.5239528943841947,0.5026181225590659,0.15477620896693484,10.214612216579289
ec_pre,alpha,,0.75,1.0,3,,0,0.9612003917628384,,3.101529522211735,2.3261471416588013,0.5171143986862209,0.15477620896693484,10.294732571154658
ec_pre,alpha,,1.0,1.0,3,,0,0.9612003917628384,,3.138502203116756,3.138502203116756,0.5279660424624073,0.15477620896693484,10.321571150565381
ec_pre,synthetic,0.3,0.1,0.0,4,0.11700738192534768,1,0.032522552007611776,0.0844848299177359,0.8258433648437813,0.08258433648437813,0.13068075194543083,0.2985084523808543,9.804764356792688
ec_pre,synthetic,0.3,0.25,0.0,4,0.2800210445299128,1,0.032522552007611776,0.247498492522301,0.9234398774840731,0.23085996937101827,0.14646385950867422,0.2985084523808543,9.809048105292897
ec_pre,synthetic,0.3,0.5,0.0,4,0.6441496857645826,1,0.032522552007611776,0.6116271337569709,1.0734597864060562,0.5367298932030281,0.17103555550024424,0.2985084523808543,9.81727338369646
ec_pre,synthetic,0.3,0.75,0.0,4,1.1223817052009704,1,0.032522552007611776,1.0898591531933586,1.2008578374854801,0.9006433781141101,0.1923258113010495,0.2985084523808543,9.82647363789279
ec_pre,synthetic,0.3,1.0,0.0,4,1.7225522101836417,1,0.032522552007611776,1.69002965817603,1.300058503871158,1.300058503871158,0.20935296344387924,0.2985084523808543,9.837641810306925
ec_pre,synthetic,0.3,0.1,1.0,4,1.0833722912595256,1,0.9845642913785875,0.09880799988093814,0.8611670099901317,0.08611670099901318,0.13837883711313978,0.2985084523808543,10.47180145819116
ec_pre,synthetic,0.3,0.25,1.0,4,1.2680456370565705,1,0.9845642913785875,0.283481345677983,0.9580013980674027,0.23950034951685067,0.15432521361252413,0.2985084523808543,10.634330972456272
ec_pre,synthetic,0.3,0.5,1.0,4,1.67600454185606,1,0.9845642913785875,0.6914402504774726,1.1082916910282439,0.5541458455141219,0.17939691612394396,0.2985084523808543,10.921970910560995
ec_pre,synthetic,0.3,0.75,1.0,4,2.2192794859614238,1,0.9845642913785875,1.2347151945828363,1.237355115410188,0.928016336557641,0.20136910814514186,0.2985084523808543,11.2383546043473
ec_pre,synthetic,0.3,1.0,1.0,4,2.9132620886626115,1,0.9845642913785875,1.928697797284024,1.3389126455263032,1.3389126455263032,0.21912411135392854,0.2985084523808543,11.596337547853587
ec_pre,synthetic,0.6,0.1,0.0,4,0.19620719614470788,1,0.032522552007611776,0.1636846441370961,1.6004585948811052,0.16004585948811054,0.253597873752586,0.6007692852292879,9.805459552310207
ec_pre,synthetic,0.6,0.25,0.0,4,0.47508672825564147,1,0.032522552007611776,0.4425641762480297,1.6875307038117442,0.42188267595293605,0.2685529885829397,0.6007692852292879,9.812098357050132
ec_pre,synthetic,0.6,0.5,0.0,4,1.0241402349381314,1,0.032522552007611776,0.9916176829305197,1.8185602389592044,0.9092801194796022,0.29164870038449103,0.6007692852292879,9.831071827915235
ec_pre,synthetic,0.6,0.75,0.0,4,1.6824012535838349,1,0.032522552007611776,1.649878701576223,1.9266394912713725,1.4449796184535293,0.3114613020164147,0.6007692852292879,9.867799716974064
ec_pre,synthetic,0.6,1.0,0.0,4,2.469580750488514,1,0.032522552007611776,2.4370581984809023,2.007889746247999,2.007889746247999,0.32714715075243983,0.6007692852292879,9.9374631514725
ec_pre,synthetic,0.6,0.1,1.0,4,1.1786796381181703,1,0.9845642913785875,0.19411534673958286,1.672625211301135,0.16726252113011353,0.269180278084208,0.6007692852292879,10.57564911970657
ec_pre,synthetic,0.6,0.25,1.0,4,1.5065852152583283,1,0.9845642913785875,0.5220209238797409,1.759406582242953,0.43985164556073825,0.2845266946245512,0.6007692852292879,10.903432140884954
ec_pre,synthetic,0.6,0.5,1.0,4,2.1611023462588297,1,0.9845642913785875,1.1765380548802422,1.8917019633114556,0.9458509816557278,0.3086409541463847,0.6007692852292879,11.498334423133219
ec_pre,synthetic,0.6,0.75,1.0,4,2.976305582160344,1,0.9845642913785875,1.9917412907817564,2.001821759568449,1.501366319676337,0.32969708935146624,0.6007692852292879,12.177595969385013
ec_pre,synthetic,0.6,1.0,1.0,4,,0,0.9845642913785875,,2.0845255719723683,2.0845255719723683,0.3465827026993256,0.6007692852292879,12.980669442654612
ec_pre,alpha,,0.1,0.0,4,0.3505420856296535,1,0.032522552007611776,0.3180195336220417,2.9923232358497978,0.2992323235849798,0.47542970257574024,0.15477620896693484,9.792727691716122
ec_pre,alpha,,0.25,0.0,4,0.8257854181090388,1,0.032522552007611776,0.793262866101427,3.042495317642426,0.7606238294106065,0.4872711775860772,0.15477620896693484,9.775680877088861
ec_pre,alpha,,0.5,0.0,4,1.6183966842614286,1,0.032522552007611776,1.5858741322538168,3.111560084341126,1.555780042170563,0.5046284786693452,0.15477620896693484,9.7238827073242
ec_pre,alpha,,0.75,0.0,4,2.4368381720601815,1,0.032522552007611776,2.4043156200525697,3.1623172267445687,2.3717379200584263,0.5186008816690971,0.15477620896693484,9.625345652850235
ec_pre,alpha,,1.0,0.0,4,,0,0.032522552007611776,,3.1953607522322636,3.1953607522322636,0.5289031364069255,0.15477620896693484,9.476271623465314
ec_pre,alpha,,0.1,1.0,4,1.278507672976178,1,0.9845642913785875,0.2939433815975905,2.936669442101359,0.2936669442101359,0.47369190638220876,0.15477620896693484,10.402465016714656
ec_pre,alpha,,0.25,1.0,4,1.7219842393935436,1,0.9845642913785875,0.7374199480149561,2.9868600570076915,0.7467150142519229,0.48556620436630216,0.15477620896693484,10.45345481526436
ec_pre,alpha,,0.5,1.0,4,2.4722702744707274,1,0.9845642913785875,1.48770598309214,3.057026807636776,1.528513403818388,0.5030968790020716,0.15477620896693484,10.512195806412175
ec_pre,alpha,,0.75,1.0,4,,0,0.9845642913785875,,3.1099998127286055,2.332499859546454,0.5173503747375184,0.15477620896693484,10.515095908827195
ec_pre,alpha,,1.0,1.0,4,,0,0.9845642913785875,,3.146171250842588,3.146171250842588,0.5279958865592045,0.15477620896693484,10.451453528049367
eo_pre,synthetic,0.3,0.1,0.0,0,,0,,,0.6919145973012759,0.0691914597301276,0.10351602231829253,0.30443639958951463,0.45228369017308395
eo_pre,synthetic,0.3,0.25,0.0,0,-0.9635102048491019,1,,,0.7035133220876427,0.17587833052191068,0.10526826009746106,0.30443639958951463,0.4528389397352053
eo_pre,synthetic,0.3,0.5,0.0,0,-0.46689166714918207,1,,,0.7223575211995342,0.3611787605997671,0.10811838981752506,0.30443639958951463,0.4532140086678755
eo_pre,synthetic,0.3,0.75,0.0,0,0.03218095092976143,1,,,0.7401330732494984,0.5550998049371239,0.11081160110358718,0.30443639958951463,0.45241265944833015
eo_pre,synthetic,0.3,1.0,0.0,0,0.5487326694279901,1,,,0.7562194903254166,0.7562194903254166,0.11325465861332104,0.30443639958951463,0.44955504970169496
eo_pre,synthetic,0.3,0.1,1.0,0,0.5750074400166036,1,0.4308615051749079,0.14414593484169574,0.6973867974259332,0.06973867974259333,0.10447257681591621,0.30443639958951463,0.5078461993160575
eo_pre,synthetic,0.3,0.25,1.0,0,0.791891834382581,1,0.4308615051749079,0.36103032920767314,0.709675012248163,0.17741875306204075,0.10633328015547676,0.30443639958951463,0.5211168594989773
eo_pre,synthetic,0.3,0.5,1.0,0,1.1582335121044984,1,0.4308615051749079,0.7273720069295906,0.7301231613865109,0.36506158069325545,0.1094328156219658,0.30443639958951463,0.543237392529097
eo_pre,synthetic,0.3,0.75,1.0,0,1.5393469969411746,1,0.4308615051749079,1.1084854917662668,0.749938575426497,0.5624539315698728,0.11244127799744032,0.30443639958951463,0.5645447409652619
eo_pre,synthetic,0.3,1.0,1.0,0,1.950689338719151,1,0.4308615051749079,1.5198278335442432,0.7682859804287376,0.7682859804287376,0.11523290164200369,0.30443639958951463,0.5836817805728021
eo_pre,synthetic,0.6,0.1,0.0,0,,0,,,1.3874118955215724,0.13874118955215725,0.2075937794064642,0.6058307728316276,0.4519946947464509
eo_pre,synthetic,0.6,0.25,0.0,0,-0.5379141554047561,1,,,1.398191716536004,0.349547929134001,0.2092797992470604,0.6058307728316276,0.4521593716878111
eo_pre,synthetic,0.6,0.5,0.0,0,0.2724301681662634,1,,,1.415651499859646,0.707825749929823,0.2120190467955692,0.6058307728316276,0.45216982480564083
eo_pre,synthetic,0.6,0.75,0.0,0,1.0221364633561845,1,,,1.4320646729116087,1.0740485046837065,0.21460506771597834,0.6058307728316276,0.451583285083468
eo_pre,synthetic,0.6,1.0,0.0,0,1.7464087193798703,1,,,1.4468771149687132,1.4468771149687132,0.21695130767311135,0.6058307728316276,0.449672616398961
eo_pre,synthetic,0.6,0.1,1.0,0,0.7092471390601373,1,0.4308615051749079,0.27838563388522936,1.3982310485024063,0.13982310485024063,0.20949168352495148,0.6058307728316276,0.5171013883824651
eo_pre,synthetic,0.6,0.25,1.0,0,1.102615438110928,1,0.4308615051749079,0.6717539329360203,1.4101189224087896,0.3525297306021974,0.21135834931766026,0.6058307728316276,0.5446986761100199
eo_pre,synthetic,0.6,0.5,1.0,0,1.718007441309968,1,0.4308615051749079,1.2871459361350601,1.4303060040321522,0.7151530020160761,0.21453871491210286,0.6058307728316276,0.5918650641331276
eo_pre,synthetic,0.6,0.75,1.0,0,2.3216773068914835,1,0.4308615051749079,1.8908158017165757,1.4503125978415623,1.0877344483811717,0.21770608463660515,0.6058307728316276,0.639603908003145
eo_pre,synthetic,0.6,1.0,1.0,0,2.9634466024690655,1,0.4308615051749079,2.5325850972941577,1.469186000913884,1.469186000913884,0.2207131784725394,0.6058307728316276,0.6863826051704262
eo_pre,alpha,,0.1,0.0,0,-0.8481359751177461,1,,,2.2549690563892115,0.22549690563892116,0.33745872958430345,0.08051990377952914,0.45153767190054817
eo_pre,alpha,,0.25,0.0,0,-0.06917584479437003,1,,,2.2642947947185053,0.5660736986796263,0.3390560606402437,0.08051990377952914,0.4514604832787803
eo_pre,alpha,,0.5,0.0,0,1.015343490760637,1,,,2.279788025790351,1.1398940128951756,0.34171674238209415,0.08051990377952914,0.45251762057828154
eo_pre,alpha,,0.75,0.0,0,1.9372130888965982,1,,,2.2949368109583923,1.7212026082187943,0.344325990716928,0.08051990377952914,0.4552351469569734
eo_pre,alpha,,1.0,0.0,0,2.757425248162326,1,,,2.3093654832653003,2.3093654832653003,0.34682078444324854,0.08051990377952914,0.4595441320828257
eo_pre,alpha,,0.1,1.0,0,0.8114283752621153,1,0.4308615051749079,0.3805668700872074,2.251225374131596,0.22512253741315963,0.337342500151734,0.08051990377952914,0.504718815723086
eo_pre,alpha,,0.25,1.0,0,1.3418787344264587,1,0.4308615051749079,0.9110172292515508,2.260895711306274,0.5652239278265685,0.339001492154399,0.08051990377952914,0.5131914649098944
eo_pre,alpha,,0.5,1.0,0,2.1389628459708248,1,0.4308615051749079,1.708101340795917,2.2770307978954674,1.1385153989477337,0.34177960099599064,0.08051990377952914,0.5275041252216657
eo_pre,alpha,,0.75,1.0,0,2.857673882939614,1,0.4308615051749079,2.426812377764706,2.292863934189608,1.719647950642206,0.3445178121675096,0.08051990377952914,0.5419975908273047
eo_pre,alpha,,1.0,1.0,0,,0,0.4308615051749079,,2.3079681162409122,2.3079681162409122,0.3471438874594218,0.08051990377952914,0.5563862762380085
eo_pre,synthetic,0.3,0.1,0.0,1,,0,,,0.7327180550618172,0.07327180550618172,0.10959137437733782,0.31527556552797464,0.5120127735340422
eo_pre,synthetic,0.3,0.25,0.0,1,,0,,,0.7442689592078139,0.18606723980195347,0.111343707068478,0.31527556552797464,0.5124960142217162
eo_pre,synthetic,0.3,0.5,0.0,1,-0.5651314737876639,1,,,0.7629872655709066,0.3814936327854533,0.11419048772097345,0.31527556552797464,0.511616759408935
eo_pre,synthetic,0.3,0.75,0.0,1,0.009140784197106256,1,,,0.7806560176402128,0.5854920132301595,0.11688736694451297,0.31527556552797464,0.508343491661781
eo_pre,synthetic,0.3,1.0,0.0,1,0.6279567702237947,1,,,0.7967678380070705,0.7967678380070705,0.1193575047502697,0.31527556552797464,0.5024524890049715
eo_pre,synthetic,0.3,0.1,1.0,1,0.555537341108949,1,0.4067344717123568,0.1488028693965922,0.7382970121006855,0.07382970121006856,0.11058299503143244,0.31527556552797464,0.5817890960926666
eo_pre,synthetic,0.3,0.25,1.0,1,0.7870435267366576,1,0.4067344717123568,0.38030905502430074,0.7505262909435194,0.18763157273587985,0.11244347722832104,0.31527556552797464,0.5977845029397285
eo_pre,synthetic,0.3,0.5,1.0,1,1.1931373389692734,1,0.4067344717123568,0.7864028672569165,0.7708812863944616,0.3854406431972308,0.11554783298380343,0.31527556552797464,0.6230023270196848
eo_pre,synthetic,0.3,0.75,1.0,1,1.6228834944035744,1,0.4067344717123568,1.2161490226912175,0.7907023720470664,0.5930267790352998,0.11858151791508155,0.31527556552797464,0.645986293274664
eo_pre,synthetic,0.3,1.0,1.0,1,2.080037784348335,1,0.4067344717123568,1.6733033126359782,0.8092795410923358,0.8092795410923358,0.12143705640946993,0.31527556552797464,0.6662898531328454
eo_pre,synthetic,0.6,0.1,0.0,1,,0,,,1.4202168722379664,0.14202168722379666,0.21244587285187427,0.6107870158182807,0.5120870361000789
eo_pre,synthetic,0.6,0.25,0.0,1,-0.6281910864566743,1,,,1.4308676353489682,0.35771690883724205,0.21412641529914114,0.6107870158182807,0.5127890401854343
eo_pre,synthetic,0.6,0.5,0.0,1,0.22644394635784315,1,,,1.448044202663963,0.7240221013319815,0.2168508792478278,0.6107870158182807,0.5127107695648843
eo_pre,synthetic,0.6,0.75,0.0,1,1.045610167127588,1,,,1.4641476348204894,1.098110726115367,0.2194240222101007,0.6107870158182807,0.5108901499803342
eo_pre,synthetic,0.6,1.0,0.0,1,1.8313622890494476,1,,,1.478719066539128,1.478719066539128,0.22177308763549108,0.6107870158182807,0.5070539161089527
eo_pre,synthetic,0.6,0.1,1.0,1,0.6878865652719095,1,0.4067344717123568,0.2811520935595527,1.431049927278131,0.1431049927278131,0.21437357363741721,0.6107870158182807,0.5921441648378947
eo_pre,synthetic,0.6,0.25,1.0,1,1.0934373943590554,1,0.4067344717123568,0.6867029226466985,1.4427831588496773,0.36069578971241933,0.21623369155513306,0.6107870158182807,0.6245256205684602
eo_pre,synthetic,0.6,0.5,1.0,1,1.7363769517363326,1,0.4067344717123568,1.3296424800239757,1.462642892228118,0.731321446114059,0.21940102854165966,0.6107870158182807,0.6792867806541742
eo_pre,synthetic,0.6,0.75,1.0,1,2.3558794284332687,1,0.4067344717123568,1.9491449567209118,1.4823172233075221,1.1117379174806417,0.22256521775930657,0.6107870158182807,0.734338687828379
eo_pre,synthetic,0.6,1.0,1.0,1,2.975771561872648,1,0.4067344717123568,2.569037090160291,1.5009793929073358,1.5009793929073358,0.2255967002580797,0.6107870158182807,0.7886742833034632
eo_pre,alpha,,0.1,0.0,1,-0.8835807183973629,1,,,2.2557144519790815,0.22557144519790817,0.33747726000315187,0.08051990377952914,0.5105734137263764
eo_pre,alpha,,0.25,0.0,1,-0.07603462810823766,1,,,2.2650922275959826,0.5662730568989957,0.3390955346814812,0.08051990377952914,0.5097718914299187
eo_pre,alpha,,0.5,0.0,1,1.0261954735817278,1,,,2.2807004258275567,1.1403502129137784,0.34179937619018946,0.08051990377952914,0.5098059141761756
eo_pre,alpha,,0.75,0.0,1,1.9573345972399527,1,,,2.295989723755039,1.7219922928162794,0.34446261200952755,0.08051990377952914,0.5120715970261983
eo_pre,alpha,,1.0,0.0,1,2.803997580325262,1,,,2.3105424502687812,2.3105424502687812,0.3470174519222832,0.08051990377952914,0.5170167340059083
eo_pre,alpha,,0.1,1.0,1,0.795736676204097,1,0.4067344717123568,0.3890022044917402,2.251673542952822,0.22516735429528223,0.337348832685038,0.08051990377952914,0.5773588851998966
eo_pre,alpha,,0.25,1.0,1,1.3318494522254787,1,0.4067344717123568,0.9251149805131218,2.2614481616981283,0.5653620404245321,0.33903650344511094,0.08051990377952914,0.5872125140933097
eo_pre,alpha,,0.5,1.0,1,2.1322535071865873,1,0.4067344717123568,1.7255190354742305,2.2777696480890066,1.1388848240445033,0.34187138793099775,0.08051990377952914,0.604166321639428
eo_pre,alpha,,0.75,1.0,1,2.8655669845612697,1,0.4067344717123568,2.458832512848913,2.293800834007091,1.7203506255053183,0.34467869544385116,0.08051990377952914,0.6221058192695162
eo_pre,alpha,,1.0,1.0,1,,0,0.4067344717123568,,2.3090694326320866,2.3090694326320866,0.3473800224248867,0.08051990377952914,0.6415643473035113
eo_pre,synthetic,0.3,0.1,0.0,2,,0,,,0.6639443893440479,0.06639443893440479,0.09930508652196814,0.29641596300796097,0.5106027546619721
eo_pre,synthetic,0.3,0.25,0.0,2,-0.9193575596340275,1,,,0.6760078729541084,0.1690019682385271,0.10112895258702827,0.29641596300796097,0.5095112208345367
eo_pre,synthetic,0.3,0.5,0.0,2,-0.4422989245030936,1,,,0.6957105382133911,0.34785526910669556,0.10411220279551234,0.29641596300796097,0.5077959752622861
eo_pre,synthetic,0.3,0.75,0.0,2,0.06327201213964814,1,,,0.714469249216123,0.5358519369120922,0.10695869490946781,0.29641596300796097,0.507022561311723
eo_pre,synthetic,0.3,1.0,0.0,2,0.6184978761244428,1,,,0.7316666186521973,0.7316666186521973,0.10957601812343885,0.29641596300796097,0.5081764354074895
eo_pre,synthetic,0.3,0.1,1.0,2,0.5887095235094431,1,0.44958954165932374,0.1391199818501193,0.6693411843496518,0.06693411843496519,0.10026378456220376,0.29641596300796097,0.573600502054535
eo_pre,synthetic,0.3,0.25,1.0,2,0.8043682274170549,1,0.44958954165932374,0.3547786857577312,0.6821097215804874,0.17052743039512186,0.10219839311620614,0.29641596300796097,0.5880146477359883
eo_pre,synthetic,0.3,0.5,1.0,2,1.1864748711745643,1,0.44958954165932374,0.7368853295152406,0.7034659868111497,0.35173299340557485,0.10543981785483975,0.29641596300796097,0.6133350957917381
eo_pre,synthetic,0.3,0.75,1.0,2,1.6109667694070726,1,0.44958954165932374,1.161377227747749,0.724333707866573,0.5432502808999298,0.10861549768990146,0.29641596300796097,0.6416896347606396
eo_pre,synthetic,0.3,1.0,1.0,2,2.1113204706406115,1,0.44958954165932374,1.6617309289812878,0.743879505095872,0.743879505095872,0.11160063822715874,0.29641596300796097,0.6753633177395622
eo_pre,synthetic,0.6,0.1,0.0,2,,0,,,1.371366914601852,0.1371366914601852,0.20514142984951694,0.6003482187730544,0.510468204844452
eo_pre,synthetic,0.6,0.25,0.0,2,-0.521372262471531,1,,,1.3824777671969335,0.3456194417992334,0.20688576661562655,0.6003482187730544,0.5093055719902614
eo_pre,synthetic,0.6,0.5,0.0,2,0.2689971558348713,1,,,1.4005443100103574,0.7002721550051787,0.20973139193185641,0.6003482187730544,0.5078785169263552
eo_pre,synthetic,0.6,0.75,0.0,2,1.0345597570831826,1,,,1.417659287239806,1.0632444654298545,0.21244108787181978,0.6003482187730544,0.5080402864834146
eo_pre,synthetic,0.6,1.0,0.0,2,1.8107026240757624,1,,,1.433271344391961,1.433271344391961,0.2149315574890095,0.6003482187730544,0.5111820077368836
eo_pre,synthetic,0.6,0.1,1.0,2,0.7264377430805656,1,0.44958954165932374,0.2768482014212419,1.3822452904880966,0.13822452904880966,0.2070844622896887,0.6003482187730544,0.5838442069115272
eo_pre,synthetic,0.6,0.25,1.0,2,1.1244041887108307,1,0.44958954165932374,0.674814647051507,1.394505729696789,0.3486264324241973,0.20901638311762394,0.6003482187730544,0.6143283202572767
eo_pre,synthetic,0.6,0.5,1.0,2,1.7624924601961078,1,0.44958954165932374,1.3129029185367842,1.415383476948247,0.7076917384741235,0.2123223556968351,0.6003482187730544,0.6683392263929154
eo_pre,synthetic,0.6,0.75,1.0,2,2.406810713950638,1,0.44958954165932374,1.9572211722913142,1.4361582448087455,1.0771186836065592,0.21563828938892848,0.6003482187730544,0.7280042316612187
eo_pre,synthetic,0.6,1.0,1.0,2,,0,0.44958954165932374,,1.4558606476208764,1.4558606476208764,0.21881808066675376,0.6003482187730544,0.7964057856382845
eo_pre,alpha,,0.1,0.0,2,-0.8653395519359474,1,,,2.256718573749519,0.22567185737495188,0.3376303956449048,0.08051990377952914,0.5094703504544972
eo_pre,alpha,,0.25,0.0,2,-0.16817598322201238,1,,,2.2663580264005345,0.5665895066001336,0.3392823158780181,0.08051990377952914,0.5070067724553423
eo_pre,alpha,,0.5,0.0,2,0.8547230486528774,1,,,2.2824290737849777,1.1412145368924889,0.3420402373220762,0.08051990377952914,0.5037509380709467
eo_pre,alpha,,0.75,0.0,2,1.7494432610123867,1,,,2.2981908002437916,1.7236431001828438,0.3447499083943235,0.08051990377952914,0.5018762644873264
eo_pre,alpha,,1.0,0.0,2,2.5376422288294647,1,,,2.3131742425623436,2.3131742425623436,0.34733469380105725,0.08051990377952914,0.501616909962225
eo_pre,alpha,,0.1,1.0,2,0.8095491329910713,1,0.44958954165932374,0.3599595913317476,2.2521117557254677,0.22521117557254677,0.3374499292867898,0.08051990377952914,0.5677843669513458
eo_pre,alpha,,0.25,1.0,2,1.3209993322055147,1,0.44958954165932374,0.8714097905461909,2.262092976940642,0.5655232442351605,0.3391611340806244,0.08051990377952914,0.57284435849921
eo_pre,alpha,,0.5,1.0,2,2.098422310101795,1,0.44958954165932374,1.6488327684424715,2.278784981959504,1.139392490979752,0.342031345382209,0.08051990377952914,0.5806359404994169
eo_pre,alpha,,0.75,1.0,2,2.791302856804024,1,0.44958954165932374,2.3417133151447005,2.29519171914928,1.7213937893619602,0.3448628805766817,0.08051990377952914,0.5881513288753967
eo_pre,alpha,,1.0,1.0,2,,0,0.44958954165932374,,2.3108009479576377,2.3108009479576377,0.3475698520485085,0.08051990377952914,0.5961157265835584
eo_pre,synthetic,0.3,0.1,0.0,3,,0,,,0.7064873132552338,0.07064873132552339,0.10568876788816473,0.3041717517527405,0.462759281303472
eo_pre,synthetic,0.3,0.25,0.0,3,,0,,,0.7178082545506007,0.17945206363765018,0.107400729750766,0.3041717517527405,0.45961835299777953
eo_pre,synthetic,0.3,0.5,0.0,3,-0.6000991779354711,1,,,0.7361402845143182,0.3680701422571591,0.11017574255406618,0.3041717517527405,0.45460840592103496
eo_pre,synthetic,0.3,0.75,0.0,3,-0.09426323559718863,1,,,0.7533728477164559,0.5650296357873419,0.11278814127148168,0.3041717517527405,0.4489740137427888
eo_pre,synthetic,0.3,1.0,0.0,3,0.3932195917085227,1,,,0.7689150879153457,0.7689150879153457,0.11514873996904774,0.3041717517527405,0.44138399789202193
eo_pre,synthetic,0.3,0.1,1.0,3,0.5445483083574506,1,0.3932464671145322,0.1513018412429184,0.7120229076781031,0.0712022907678103,0.10665752445498092,0.3041717517527405,0.5216788022405341
eo_pre,synthetic,0.3,0.25,1.0,3,0.7689346689862125,1,0.3932464671145322,0.37568820187168034,0.7239365388140567,0.18098413470351418,0.10846161667762655,0.3041717517527405,0.5328948094132969
eo_pre,synthetic,0.3,0.5,1.0,3,1.1349312983268935,1,0.3932464671145322,0.7416848312123614,0.7436988969284947,0.37184944846424733,0.11145698168869025,0.3041717517527405,0.5506404128480147
eo_pre,synthetic,0.3,0.75,1.0,3,1.4924914297776233,1,0.3932464671145322,1.0992449626630911,0.7627802061331822,0.5720851545998866,0.11435294346344498,0.3041717517527405,0.5658666934372649
eo_pre,synthetic,0.3,1.0,1.0,3,1.8490011944126836,1,0.3932464671145322,1.4557547272981515,0.7803761345221193,0.7803761345221193,0.11702795282288646,0.3041717517527405,0.5766971971376794
eo_pre,synthetic,0.6,0.1,0.0,3,,0,,,1.4006782056045042,0.14006782056045042,0.20956391127269877,0.6035056819180331,0.46314367658107236
eo_pre,synthetic,0.6,0.25,0.0,3,-0.6485309321550646,1,,,1.411223351351653,0.35280583783791325,0.2112167404809705,0.6035056819180331,0.46034853409675164
eo_pre,synthetic,0.6,0.5,0.0,3,0.21384553876296455,1,,,1.4281696340992136,0.7140848170496068,0.2138797641998342,0.6035056819180331,0.45540193769701737
eo_pre,synthetic,0.6,0.75,0.0,3,0.9807751672362859,1,,,1.4439372193584732,1.082952914518855,0.2163664407150659,0.6035056819180331,0.44918696200533187
eo_pre,synthetic,0.6,1.0,0.0,3,1.672684799620689,1,,,1.4580100359328894,1.4580100359328894,0.21859557324779014,0.6035056819180331,0.44021655970037427
eo_pre,synthetic,0.6,0.1,1.0,3,0.6907561121099812,1,0.3932464671145322,0.297509644995449,1.411492207854224,0.1411492207854224,0.21146302493156047,0.6035056819180331,0.5316973037187747
eo_pre,synthetic,0.6,0.25,1.0,3,1.1050809135188824,1,0.3932464671145322,0.7118344464043502,1.4230699171865715,0.3557674792966429,0.21328130452263183,0.6035056819180331,0.5583485599912102
eo_pre,synthetic,0.6,0.5,1.0,3,1.728831754187951,1,0.3932464671145322,1.3355852870734188,1.4425821198369997,0.7212910599184998,0.21635510277558087,0.6035056819180331,0.6026236685073325
eo_pre,synthetic,0.6,0.75,1.0,3,2.294235662053873,1,0.3932464671145322,1.900989194939341,1.4617358345442704,1.0963018759082028,0.2193857245084964,0.6035056819180331,0.6446872686343692
eo_pre,synthetic,0.6,1.0,1.0,3,2.8328966876819255,1,0.3932464671145322,2.439650220567393,1.4796218015305111,1.4796218015305111,0.22223144155422567,0.6035056819180331,0.6816111053712534
eo_pre,alpha,,0.1,0.0,3,-0.9739277091205263,1,,,2.2547498992582535,0.22547498992582538,0.33740102348311524,0.08051990377952914,0.46480318473326243
eo_pre,alpha,,0.25,0.0,3,-0.13279842563856217,1,,,2.2637959072848086,0.5659489768212022,0.3389583720872257,0.08051990377952914,0.46447737918543097
eo_pre,alpha,,0.5,0.0,3,1.031064897623881,1,,,2.2788875346144772,1.1394437673072386,0.34156125615978095,0.08051990377952914,0.464265486828848
eo_pre,alpha,,0.75,0.0,3,2.019878354788743,1,,,2.2937119875349388,1.720283990651204,0.34412306894271666,0.08051990377952914,0.4647840337308872
eo_pre,alpha,,1.0,0.0,3,2.8654819015452664,1,,,2.3078485966471676,2.3078485966471676,0.3465731702393101,0.08051990377952914,0.4661583408553168
eo_pre,alpha,,0.1,1.0,3,0.8017902244883238,1,0.3932464671145322,0.4085437573737916,2.250774573160047,0.2250774573160047,0.33724961478274135,0.08051990377952914,0.5197647486727123
eo_pre,alpha,,0.25,1.0,3,1.3725425755900995,1,0.3932464671145322,0.9792961084755674,2.2602171734782743,0.5650542933695686,0.3388705803564929,0.08051990377952914,0.5280572044963265
eo_pre,alpha,,0.5,1.0,3,2.2253337004142857,1,0.3932464671145322,1.8320872332997535,2.2760168634145783,1.1380084317072892,0.34159208203411157,0.08051990377952914,0.541504361144097
eo_pre,alpha,,0.75,1.0,3,2.9694478653006073,1,0.3932464671145322,2.576201398186075,2.2915557296513516,1.7186667972385137,0.34428000970321343,0.08051990377952914,0.554302453984845
eo_pre,alpha,,1.0,1.0,3,,0,0.3932464671145322,,2.3063586404693606,2.3063586404693606,0.34685423467279636,0.08051990377952914,0.5660995861347433
eo_pre,synthetic,0.3,0.1,0.0,4,,0,,,0.8111343689157929,0.0811134368915793,0.12135957528958251,0.3057168169020729,0.44479013248927607
eo_pre,synthetic,0.3,0.25,0.0,4,,0,,,0.8225394952325695,0.20563487380814238,0.12309452084843042,0.3057168169020729,0.4441267664184422
eo_pre,synthetic,0.3,0.5,0.0,4,-0.635188303890723,1,,,0.8410980185607821,0.4205490092803911,0.12592190888960003,0.3057168169020729,0.44295760416090635
eo_pre,synthetic,0.3,0.75,0.0,4,0.025311547024382968,1,,,0.8586880353437965,0.6440160265078474,0.12860789334745829,0.3057168169020729,0.441145776385727
eo_pre,synthetic,0.3,1.0,0.0,4,0.6480518391950754,1,,,0.8747306214390755,0.8747306214390755,0.1310652404493994,0.3057168169020729,0.4375429223275534
eo_pre,synthetic,0.3,0.1,1.0,4,0.45680488725232915,1,0.272504668982398,0.18430021826993115,0.8163016637511481,0.08163016637511482,0.12229169039607825,0.3057168169020729,0.5046060292828524
eo_pre,synthetic,0.3,0.25,1.0,4,0.7241936721596893,1,0.272504668982398,0.4516890031772913,0.8282967459860044,0.2070741864965011,0.12411991736947275,0.3057168169020729,0.5163455414402115
eo_pre,synthetic,0.3,0.5,1.0,4,1.1553494192763893,1,0.272504668982398,0.8828447502939913,0.848318321622936,0.424159160811468,0.12717560456656937,0.3057168169020729,0.535397359705924
eo_pre,synthetic,0.3,0.75,1.0,4,1.5822594114896182,1,0.272504668982398,1.3097547425072202,0.8678484316236335,0.6508863237177251,0.13016255514168784,0.3057168169020729,0.5532022217199947
eo_pre,synthetic,0.3,1.0,1.0,4,2.02019056558911,1,0.272504668982398,1.7476858966067121,0.886100347311419,0.886100347311419,0.13296215896450728,0.3057168169020729,0.5684344928053513
eo_pre,synthetic,0.6,0.1,0.0,4,,0,,,1.4824712692310265,0.14824712692310266,0.22182744509846497,0.6057464124113401,0.44491496688167154
eo_pre,synthetic,0.6,0.25,0.0,4,-0.85869571706704,1,,,1.492955832825048,0.373238958206262,0.22348504372832184,0.6057464124113401,0.4443992548474657
eo_pre,synthetic,0.6,0.5,0.0,4,0.16495256183669013,1,,,1.5098446755205752,0.7549223377602876,0.22616448074301793,0.6057464124113401,0.4432869642637142
eo_pre,synthetic,0.6,0.75,0.0,4,1.0218180999748414,1,,,1.525659858759838,1.1442448940698786,0.2286859144123031,0.6057464124113401,0.4412528643021334
eo_pre,synthetic,0.6,1.0,0.0,4,1.802710350991352,1,,,1.5399402890056195,1.5399402890056195,0.23097692164519715,0.6057464124113401,0.4373151655824247
eo_pre,synthetic,0.6,0.1,1.0,4,0.5986074072019026,1,0.272504668982398,0.32610273821950464,1.4929754277224663,0.14929754277224663,0.22369335509070648,0.6057464124113401,0.5138021439772333
eo_pre,synthetic,0.6,0.25,1.0,4,1.0447250644578578,1,0.272504668982398,0.7722203954754598,1.504397700874897,0.37609942521872425,0.2255065450519633,0.6057464124113401,0.5396567160745921
eo_pre,synthetic,0.6,0.5,1.0,4,1.7170897381066301,1,0.272504668982398,1.4445850691242321,1.5237218439305882,0.7618609219652941,0.22858598827329618,0.6057464124113401,0.5828163664573383
eo_pre,synthetic,0.6,0.75,1.0,4,2.3405370516911863,1,0.272504668982398,2.0680323827087883,1.5428523837860875,1.1571392878395657,0.23165228613979483,0.6057464124113401,0.6251744145683334
eo_pre,synthetic,0.6,1.0,1.0,4,2.94237962358433,1,0.272504668982398,2.669874954601932,1.560957882072158,1.560957882072158,0.2345767513915074,0.6057464124113401,0.665388853448152
eo_pre,alpha,,0.1,0.0,4,,0,,,2.255170646547928,0.22551706465479282,0.3374955859429308,0.08051990377952914,0.4447893022317821
eo_pre,alpha,,0.25,0.0,4,-0.255272287009563,1,,,2.264424594281532,0.566106148570383,0.3390860496370831,0.08051990377952914,0.44439912193562847
eo_pre,alpha,,0.5,0.0,4,1.0009575789874512,1,,,2.279973998939664,1.139986999469832,0.34176261847877815,0.08051990377952914,0.44504619597071465
eo_pre,alpha,,0.75,0.0,4,1.9955107009698299,1,,,2.2953868231366212,1.721540117352466,0.3444212041297487,0.08051990377952914,0.44780861788678056
eo_pre,alpha,,1.0,0.0,4,2.849200747980841,1,,,2.310218633677695,2.310218633677695,0.3469901494388187,0.08051990377952914,0.4529761993875847
eo_pre,alpha,,0.1,1.0,4,0.707256428972608,1,0.272504668982398,0.43475175999021,2.251386165800603,0.22513861658006032,0.3373672116470522,0.08051990377952914,0.5006625072531931
eo_pre,alpha,,0.25,1.0,4,1.2933266905137526,1,0.272504668982398,1.0208220215313546,2.261021283002084,0.565255320750521,0.33902339754823996,0.08051990377952914,0.5066368702909401
eo_pre,alpha,,0.5,1.0,4,2.1465950355562535,1,0.272504668982398,1.8740903665738555,2.277260283019303,1.1386301415096516,0.3418229460670082,0.08051990377952914,0.5170353938490936
eo_pre,alpha,,0.75,1.0,4,2.889555377073869,1,0.272504668982398,2.617050708091471,2.2934000937567984,1.720050070317599,0.34461606603141454,0.08051990377952914,0.5284248235546734
eo_pre,alpha,,1.0,1.0,4,,0,0.272504668982398,,2.308958564493604,2.308958564493604,0.34732368669168173,0.08051990377952914,0.5411151931031531
ec_post,synthetic,0.3,0.1,0.0,0,0.04996594311251549,1,-0.019788678432480777,0.06975462154499626,0.6672422322623468,0.06672422322623468,0.14079900907625564,0.2986459655611347,10.642187745432661
ec_post,synthetic,0.3,0.25,0.0,0,0.17710887686082005,1,-0.019788678432480777,0.19689755529330083,0.7290584977421867,0.18226462443554667,0.15419520777181936,0.2986459655611347,10.63780047630446
ec_post,synthetic,0.3,0.5,0.0,0,0.4466958669089915,1,-0.019788678432480777,0.46648454534147227,0.8242472548196741,0.41212362740983705,0.17508796625995193,0.2986459655611347,10.63377279095729
ec_post,synthetic,0.3,0.75,0.0,0,0.7893182337527622,1,-0.019788678432480777,0.809106912185243,0.9053419956192121,0.6790064967144092,0.19323558144009428,0.2986459655611347,10.629144643195323
ec_post,synthetic,0.3,1.0,0.0,0,1.21371067867525,1,-0.019788678432480777,1.2334993571077308,0.9688536265152842,0.9688536265152842,0.20780508769567232,0.2986459655611347,10.611244199519511
ec_post,synthetic,0.3,0.1,1.0,0,0.8816095769243475,1,0.8038501114254208,0.07775946549892665,0.6879400692654614,0.06879400692654614,0.1475534325630324,0.2986459655611347,11.472368732695136
ec_post,synthetic,0.3,0.25,1.0,0,1.0209767976475919,1,0.8038501114254208,0.21712668622217102,0.7492877740496969,0.18732194351242423,0.16106924543622692,0.2986459655611347,11.65023059377815
ec_post,synthetic,0.3,0.5,1.0,0,1.3160849487330561,1,0.8038501114254208,0.5122348373076353,0.8449238680958681,0.42246193404793403,0.18237738226646372,0.2986459655611347,11.95877204513995
ec_post,synthetic,0.3,0.75,1.0,0,1.6975625432358616,1,0.8038501114254208,0.8937124318104408,0.9276843941698393,0.6957632956273795,0.20113096466154404,0.2986459655611347,12.275586515686516
ec_post,synthetic,0.3,1.0,1.0,0,2.1816608565772917,1,0.8038501114254208,1.3778107451518709,0.9935826261022712,0.9935826261022712,0.21638231554638643,0.2986459655611347,12.582907459964057
ec_post,synthetic,0.6,0.1,0.0,0,0.10933522277816903,1,-0.019788678432480777,0.12912390121064982,1.2804531114950197,0.128045311149502,0.2705483297280545,0.6006817812633064,10.640908831441868
ec_post,synthetic,0.6,0.25,0.0,0,0.32262806430655655,1,-0.019788678432480777,0.3424167427390373,1.3342742065756397,0.3335685516439099,0.28309696959231273,0.6006817812633064,10.634672443730564
ec_post,synthetic,0.6,0.5,0.0,0,0.7296042601419693,1,-0.019788678432480777,0.7493929385744501,1.4154970565984608,0.7077485282992304,0.3024976096970866,0.6006817812633064,10.629135470271926
ec_post,synthetic,0.6,0.75,0.0,0,1.2071893730849406,1,-0.019788678432480777,1.2269780515174213,1.4829646571761828,1.112223492882137,0.3191807255841165,0.6006817812633064,10.629144365953605
ec_post,synthetic,0.6,1.0,0.0,0,1.769007565728527,1,-0.019788678432480777,1.7887962441610077,1.534391683874061,1.534391683874061,0.33245456262243994,0.6006817812633064,10.629591768857257
ec_post,synthetic,0.6,0.1,1.0,0,0.9503985375392696,1,0.8038501114254208,0.14654842611384877,1.324404814658659,0.1324404814658659,0.2844453611518703,0.6006817812633064,11.596333476091475
ec_post,synthetic,0.6,0.25,1.0,0,1.1920347637023434,1,0.8038501114254208,0.38818465227692256,1.3784956028991655,0.3446239007247914,0.29732014065262147,0.6006817812633064,11.96776592883954
ec_post,synthetic,0.6,0.5,1.0,0,1.6565830502953096,1,0.8038501114254208,0.8527329388698888,1.4616582871561803,0.7308291435780901,0.317609416525217,0.6006817812633064,12.623402129941992
ec_post,synthetic,0.6,0.75,1.0,0,2.2106253333223522,1,0.8038501114254208,1.4067752218969314,1.5320441352214131,1.1490331014160597,0.33542765350669346,0.6006817812633064,13.32648679758666
ec_post,synthetic,0.6,1.0,1.0,0,2.8868041693680713,1,0.8038501114254208,2.0829540579426506,1.586405238791518,1.586405238791518,0.34985574044483625,0.6006817812633064,14.070761788278471
ec_post,alpha,,0.1,0.0,0,0.18764064733118277,1,-0.019788678432480777,0.20742932576366355,2.211423793311936,0.22114237933119363,0.4681180934195686,0.1674318709547505,10.642920332832364
ec_post,alpha,,0.25,0.0,0,0.4961970292138481,1,-0.019788678432480777,0.5159857076463289,2.244671691439446,0.5611679228598615,0.47829306786241826,0.1674318709547505,10.630384546340395
ec_post,alpha,,0.5,0.0,0,1.0064425838475177,1,-0.019788678432480777,1.0262312622799985,2.2910080256159464,1.1455040128079732,0.4931790345299894,0.1674318709547505,10.563517794737736
ec_post,alpha,,0.75,0.0,0,1.5193847504380795,1,-0.019788678432480777,1.5391734288705603,2.3255035793177083,1.7441276844882814,0.505072327232385,0.1674318709547505,10.403883730674742
ec_post,alpha,,1.0,0.0,0,2.0478997219417474,1,-0.019788678432480777,2.0676884003742284,2.3482073319805417,2.3482073319805417,0.5136999201655655,0.1674318709547505,10.121837266412962
ec_post,alpha,,0.1,1.0,0,1.0042248928471451,1,0.8038501114254208,0.20037478142172427,2.1643318292001816,0.21643318292001817,0.46558852889669705,0.1674318709547505,11.3982578507246
ec_post,alpha,,0.25,1.0,0,1.3068694180334695,1,0.8038501114254208,0.5030193066080486,2.1975930936900063,0.5493982734225016,0.47571280201415966,0.1674318709547505,11.447961669286208
ec_post,alpha,,0.5,1.0,0,1.8139232240822896,1,0.8038501114254208,1.0100731126568687,2.245065850588453,1.1225329252942264,0.4906993006295866,0.1674318709547505,11.472112230860327
ec_post,alpha,,0.75,1.0,0,2.3256718654491197,1,0.8038501114254208,1.521821754023699,2.281810754123458,1.7113580655925935,0.5028632776094463,0.1674318709547505,11.38449107890205
ec_post,alpha,,1.0,1.0,0,2.8572557902133973,1,0.8038501114254208,2.0534056787879766,2.307592311542845,2.307592311542845,0.5118652063437305,0.1674318709547505,11.152197569196975
ec_post,synthetic,0.3,0.1,0.0,1,0.05472687575678997,1,-0.01232010159212363,0.0670469773489136,0.6748124293248444,0.06748124293248445,0.14260444941603226,0.3039203908658385,10.239884058952294
ec_post,synthetic,0.3,0.25,0.0,1,0.17689387064139273,1,-0.01232010159212363,0.18921397223351635,0.7345858803524953,0.18364647008812382,0.15556877798188928,0.3039203908658385,10.24166568416054
ec_post,synthetic,0.3,0.5,0.0,1,0.4354577552345817,1,-0.01232010159212363,0.44777785682670534,0.8266954165615472,0.4133477082807736,0.17578669493577145,0.3039203908658385,10.249760157160793
ec_post,synthetic,0.3,0.75,0.0,1,0.7638071653955647,1,-0.01232010159212363,0.7761272669876883,0.9052108847663651,0.6789081635747738,0.1933367201556032,0.3039203908658385,10.257115240999502
ec_post,synthetic,0.3,1.0,0.0,1,1.171242256726211,1,-0.01232010159212363,1.1835623583183348,0.9666735563107666,0.9666735563107666,0.20740113817369304,0.3039203908658385,10.251330190886266
ec_post,synthetic,0.3,0.1,1.0,1,0.8861917978105406,1,0.8133493762809503,0.0728424215295903,0.6956410381322014,0.06956410381322013,0.14927816289010798,0.3039203908658385,11.042432603428097
ec_post,synthetic,0.3,0.25,1.0,1,1.01836883893187,1,0.8133493762809503,0.20501946265091964,0.7554025441606753,0.18885063604016883,0.16243687041171684,0.3039203908658385,11.211031122609116
ec_post,synthetic,0.3,0.5,1.0,1,1.3004920305415884,1,0.8133493762809503,0.4871426542606381,0.8485906516022562,0.4242953258011281,0.18317344081696985,0.3039203908658385,11.50765907633038
ec_post,synthetic,0.3,0.75,1.0,1,1.6633412536090113,1,0.8133493762809503,0.849991877328061,0.929210665219474,0.6969079989146055,0.20140145661498257,0.3039203908658385,11.815897739093188
ec_post,synthetic,0.3,1.0,1.0,1,2.1104898286296674,1,0.8133493762809503,1.297140452348717,0.9933139488986338,0.9933139488986338,0.216189680879754,0.3039203908658385,12.122033876637278
ec_post,synthetic,0.6,0.1,0.0,1,0.11465697874552354,1,-0.01232010159212363,0.12697708033764718,1.2838877804549402,0.12838877804549403,0.2716473338804506,0.6053144397685954,10.240840723709482
ec_post,synthetic,0.6,0.25,0.0,1,0.32314685542972776,1,-0.01232010159212363,0.3354669570218514,1.3361903596998617,0.3340475899249654,0.28381526026145476,0.6053144397685954,10.242779584561548
ec_post,synthetic,0.6,0.5,0.0,1,0.7188156994964947,1,-0.01232010159212363,0.7311358010886183,1.4153529895196337,0.7076764947598169,0.30264274589953566,0.6053144397685954,10.24903830154055
ec_post,synthetic,0.6,0.75,0.0,1,1.1815682411715822,1,-0.01232010159212363,1.193888342763706,1.48126156598631,1.1109461744897324,0.31882545828631303,0.6053144397685954,10.25447154887982
ec_post,synthetic,0.6,1.0,0.0,1,1.7205294591196942,1,-0.01232010159212363,1.732849560711818,1.5314832526566977,1.5314832526566977,0.3316628846345919,0.6053144397685954,10.250131171850096
ec_post,synthetic,0.6,0.1,1.0,1,0.9547883149604356,1,0.8133493762809503,0.14143893867948532,1.3274572930197857,0.13274572930197856,0.28521291268963983,0.6053144397685954,11.16308477346634
ec_post,synthetic,0.6,0.25,1.0,1,1.1882998372284006,1,0.8133493762809503,0.3749504609474503,1.3804845038203812,0.3451211259550953,0.2977744048239009,0.6053144397685954,11.518950329995336
ec_post,synthetic,0.6,0.5,1.0,1,1.6363741238197533,1,0.8133493762809503,0.8230247475388031,1.4622126415409822,0.7311063207704911,0.31758700300884884,0.6053144397685954,12.147749847596831
ec_post,synthetic,0.6,0.75,1.0,1,2.159993565933122,1,0.8133493762809503,1.346644189652172,1.5314984203787134,1.1486238152840351,0.33498037049194795,0.6053144397685954,12.817965609648574
ec_post,synthetic,0.6,1.0,1.0,1,2.752168844179745,1,0.8133493762809503,1.9388194678987947,1.584981162858002,1.584981162858002,0.3490288962510123,0.6053144397685954,13.519823687369977
ec_post,alpha,,0.1,0.0,1,0.20064411749173813,1,-0.01232010159212363,0.21296421908386176,2.2086713101000894,0.22086713101000896,0.4681186599832753,0.1674318709547505,10.238303072510758
ec_post,alpha,,0.25,0.0,1,0.5172306161089055,1,-0.01232010159212363,0.5295507177010291,2.241487832510096,0.560371958127524,0.478004746417119,0.1674318709547505,10.2281503730197
ec_post,alpha,,0.5,0.0,1,1.0439924590656093,1,-0.01232010159212363,1.056312560657733,2.2872638241942433,1.1436319120971217,0.49244400834158597,0.1674318709547505,10.16586558825113
ec_post,alpha,,0.75,0.0,1,1.5793983634175952,1,-0.01232010159212363,1.591718465009719,2.321405361334978,1.7410540210012333,0.5039583384514544,0.1674318709547505,10.009368500043106
ec_post,alpha,,1.0,0.0,1,2.131012756376305,1,-0.01232010159212363,2.1433328579684283,2.3439721439999497,2.3439721439999497,0.512295404421792,0.1674318709547505,9.728378580377969
ec_post,alpha,,0.1,1.0,1,1.023273401929501,1,0.8133493762809503,0.20992402564855062,2.16443498869876,0.21644349886987602,0.4657713051150571,0.1674318709547505,10.97412361351375
ec_post,alpha,,0.25,1.0,1,1.3406003454414552,1,0.8133493762809503,0.527250969160505,2.197348464537141,0.5493371161342853,0.47565596974791813,0.1674318709547505,11.024828822130678
ec_post,alpha,,0.5,1.0,1,1.8734622061909456,1,0.8133493762809503,1.0601128299099953,2.2442563682648835,1.1221281841324418,0.49025126024500826,0.1674318709547505,11.055993606403073
ec_post,alpha,,0.75,1.0,1,2.410610498155352,1,0.8133493762809503,1.597261121874402,2.2805086694267924,1.7103815020700943,0.5020628733549474,0.1674318709547505,10.978243545290136
ec_post,alpha,,1.0,1.0,1,2.9589862497981647,1,0.8133493762809503,2.1456368735172147,2.3059308750149317,2.3059308750149317,0.5107783422152524,0.1674318709547505,10.757341660263139
ec_post,synthetic,0.3,0.1,0.0,2,0.06025924518577848,1,-0.0033171659359728972,0.06357641112175137,0.6218497622156607,0.062184976221566074,0.13122922285438646,0.3019911476166883,11.101099139983628
ec_post,synthetic,0.3,0.25,0.0,2,0.17728991031237878,1,-0.0033171659359728972,0.18060707624835168,0.6842892528418493,0.17107231321046232,0.1447197670619562,0.3019911476166883,11.089456112317627
ec_post,synthetic,0.3,0.5,0.0,2,0.42831429684117805,1,-0.0033171659359728972,0.431631462777151,0.7806619529873673,0.39033097649368365,0.16578842449130354,0.3019911476166883,11.06717795512192
ec_post,synthetic,0.3,0.75,0.0,2,0.7515296156331914,1,-0.0033171659359728972,0.7548467815691643,0.8629959303545935,0.6472469477659452,0.1841150283684565,0.3019911476166883,11.035479944222763
ec_post,synthetic,0.3,1.0,0.0,2,1.1578440270451742,1,-0.0033171659359728972,1.1611611929811472,0.9276225526113929,0.9276225526113929,0.1988386821005141,0.3019911476166883,10.983468102838398
ec_post,synthetic,0.3,0.1,1.0,2,0.901263532025243,1,0.8321296401168973,0.06913389190834573,0.6444713168516251,0.06444713168516251,0.13829658301702968,0.3019911476166883,12.017893827594632
ec_post,synthetic,0.3,0.25,1.0,2,1.0267192252444157,1,0.8321296401168973,0.19458958512751845,0.7064681802204154,0.17661704505510384,0.151920850352123,0.3019911476166883,12.175800502634653
ec_post,synthetic,0.3,0.5,1.0,2,1.296259439389033,1,0.8321296401168973,0.4641297992721357,0.8032874787484712,0.4016437393742356,0.17341903143474588,0.3019911476166883,12.438468413012156
ec_post,synthetic,0.3,0.75,1.0,2,1.6500259481873387,1,0.8321296401168973,0.8178963080704414,0.8872312311863454,0.665423423389759,0.19235188996935995,0.3019911476166883,12.692195463391872
ec_post,synthetic,0.3,1.0,1.0,2,2.1047425051240114,1,0.8321296401168973,1.272612865007114,0.9541531265811561,0.9541531265811561,0.2077451671811568,0.3019911476166883,12.922761554021196
ec_post,synthetic,0.6,0.1,0.0,2,0.12065592506069835,1,-0.0033171659359728972,0.12397309099667124,1.2409650934870036,0.12409650934870037,0.2622311081445632,0.6039078108181741,11.101647180941264
ec_post,synthetic,0.6,0.25,0.0,2,0.325013548331041,1,-0.0033171659359728972,0.32833071426701393,1.295481577558604,0.323870394389651,0.274876802347455,0.6039078108181741,11.08910605843587
ec_post,synthetic,0.6,0.5,0.0,2,0.7135769070149391,1,-0.0033171659359728972,0.716894072950912,1.377797312423257,0.6888986562116285,0.2944203256705957,0.6039078108181741,11.060072403498994
ec_post,synthetic,0.6,0.75,0.0,2,1.1671485191166349,1,-0.0033171659359728972,1.1704656850526078,1.446131987633418,1.0845989907250635,0.3111969453320373,0.6039078108181741,11.014282970731198
ec_post,synthetic,0.6,1.0,0.0,2,1.6974413295401245,1,-0.0033171659359728972,1.7007584954760975,1.498073148475663,1.498073148475663,0.324492081258839,0.6039078108181741,10.940520747266648
ec_post,synthetic,0.6,0.1,1.0,2,0.9709213613595757,1,0.8321296401168973,0.13879172124267847,1.2860242311836036,0.12860242311836037,0.2763476722339104,0.6039078108181741,12.154298743367614
ec_post,synthetic,0.6,0.25,1.0,2,1.1985311189214602,1,0.8321296401168973,0.366401478804563,1.340720509218049,0.33518012730451224,0.28931088094916585,0.6039078108181741,12.520389531180225
ec_post,synthetic,0.6,0.5,1.0,2,1.6332275473285027,1,0.8321296401168973,0.8010979072116055,1.4248122719335419,0.7124061359667709,0.309714559201077,0.6039078108181741,13.137545514333269
ec_post,synthetic,0.6,0.75,1.0,2,2.1469469533312466,1,0.8321296401168973,1.3148173132143492,1.4959456575558263,1.1219592431668697,0.3275881846487876,0.6039078108181741,13.751188215935064
ec_post,synthetic,0.6,1.0,1.0,2,2.755877213282103,1,0.8321296401168973,1.9237475731652056,1.5508187562033842,1.5508187562033842,0.34200175830149077,0.6039078108181741,14.34116449779167
ec_post,alpha,,0.1,0.0,2,0.20657864859657551,1,-0.0033171659359728972,0.2098958145325484,2.210893757073861,0.2210893757073861,0.46806720251695827,0.1674318709547505,11.105170571128337
ec_post,alpha,,0.25,0.0,2,0.5164932326613058,1,-0.0033171659359728972,0.5198103985972786,2.2442985736057346,0.5610746434014336,0.4782634961964214,0.1674318709547505,11.091687203041804
ec_post,alpha,,0.5,0.0,2,1.0230839674088448,1,-0.0033171659359728972,1.0264011333448178,2.290827406277981,1.1454137031389906,0.49314837370639736,0.1674318709547505,11.017429301941325
ec_post,alpha,,0.75,0.0,2,1.5235209326061927,1,-0.0033171659359728972,1.5268380985421657,2.3255660211547693,1.744174515866077,0.5050263897730836,0.1674318709547505,10.83677055948291
ec_post,alpha,,1.0,0.0,2,2.026006625128751,1,-0.0033171659359728972,2.029323791064724,2.348647048621798,2.348647048621798,0.5136492335021499,0.1674318709547505,10.514390175965762
ec_post,alpha,,0.1,1.0,2,1.034207613557908,1,0.8321296401168973,0.20207797344101064,2.162484628847757,0.21624846288477573,0.465456297605864,0.1674318709547505,11.955354452449777
ec_post,alpha,,0.25,1.0,2,1.3369065187445364,1,0.8321296401168973,0.5047768786276391,2.1958390139126815,0.5489597534781704,0.475608881149466,0.1674318709547505,12.00480916871214
ec_post,alpha,,0.5,1.0,2,1.8375786188555074,1,0.8321296401168973,1.00544897873861,2.2434011736346617,1.1217005868173309,0.4906026892421339,0.1674318709547505,12.018360481965907
ec_post,alpha,,0.75,1.0,2,2.3335622191106533,1,0.8321296401168973,1.501432578993756,2.2803061070001553,1.7102295802501164,0.5027579681950712,0.1674318709547505,11.899451951153791
ec_post,alpha,,1.0,1.0,2,2.832161187371766,1,0.8321296401168973,2.0000315472548684,2.3064306818064613,2.3064306818064613,0.5117616790126918,0.1674318709547505,11.609015640993277
ec_post,synthetic,0.3,0.1,0.0,3,0.05762565647577323,1,-0.0045869885579888,0.06221264503376203,0.6077567241641776,0.060775672416417764,0.1284481777544779,0.3094128884070436,10.040976338101574
ec_post,synthetic,0.3,0.25,0.0,3,0.17133084773263957,1,-0.0045869885579888,0.17591783629062838,0.6680505931607073,0.1670126482901768,0.1414783250771888,0.3094128884070436,10.04024174914563
ec_post,synthetic,0.3,0.5,0.0,3,0.41358751516118825,1,-0.0045869885579888,0.418174503719177,0.7614776481769484,0.3807388240884742,0.16188064893998622,0.3094128884070436,10.037148576837067
ec_post,synthetic,0.3,0.75,0.0,3,0.7237734565391201,1,-0.0045869885579888,0.7283604450971088,0.8418263679148558,0.6313697759361419,0.17970555378052083,0.3094128884070436,10.024155503188332
ec_post,synthetic,0.3,1.0,0.0,3,1.1108273096680907,1,-0.0045869885579888,1.1154142982260795,0.9054902262166529,0.9054902262166529,0.1941171983762383,0.3094128884070436,9.989321522483957
ec_post,synthetic,0.3,0.1,1.0,3,0.9197745886386164,1,0.8494028570175466,0.0703717316210698,0.630861547964928,0.06308615479649281,0.13547485717447183,0.3094128884070436,10.894542970327032
ec_post,synthetic,0.3,0.25,1.0,3,1.045447292498993,1,0.8494028570175466,0.19604443548144646,0.6908167186048703,0.17270417965121757,0.14864142368253144,0.3094128884070436,11.066133408082012
ec_post,synthetic,0.3,0.5,1.0,3,1.3105408418336841,1,0.8494028570175466,0.46113798481613755,0.7849228531117468,0.3924614265558734,0.16949947918417593,0.3094128884070436,11.351507003889745
ec_post,synthetic,0.3,0.75,1.0,3,1.6509332614644903,1,0.8494028570175466,0.8015304044469437,0.867126622817365,0.6503449671130237,0.18797479246210694,0.3094128884070436,11.626945593598077
ec_post,synthetic,0.3,1.0,1.0,3,2.075328927196167,1,0.8494028570175466,1.22592607017862,0.9332855941555118,0.9332855941555118,0.20310729489627152,0.3094128884070436,11.877468070125348
ec_post,synthetic,0.6,0.1,0.0,3,0.11889156314999325,1,-0.0045869885579888,0.12347855170798204,1.2250868805560093,0.12250868805560094,0.2592470356932406,0.6099649928819305,10.041760205070519
ec_post,synthetic,0.6,0.25,0.0,3,0.3223002309913287,1,-0.0045869885579888,0.3268872195493175,1.277916846859145,0.31947921171478627,0.271472587757387,0.6099649928819305,10.042934602314139
ec_post,synthetic,0.6,0.5,0.0,3,0.709045720152822,1,-0.0045869885579888,0.7136327087108107,1.3581332868156553,0.6790666434078276,0.29042299290236173,0.6099649928819305,10.045501214437472
ec_post,synthetic,0.6,0.75,0.0,3,1.1600110810036797,1,-0.0045869885579888,1.1645980695616684,1.4253401233645155,1.0690050925233867,0.3067791161404775,0.6099649928819305,10.04352201654767
ec_post,synthetic,0.6,1.0,0.0,3,1.6829810030697099,1,-0.0045869885579888,1.6875679916276987,1.4770509068698872,1.4770509068698872,0.31984476102654597,0.6099649928819305,10.02991204043889
ec_post,synthetic,0.6,0.1,1.0,3,0.9897883833978606,1,0.8494028570175466,0.14038552638031399,1.269845183905023,0.12698451839050232,0.2730475248911996,0.6099649928819305,11.017861972883914
ec_post,synthetic,0.6,0.25,1.0,3,1.2196488248366726,1,0.8494028570175466,0.370245967819126,1.3230461449017237,0.3307615362254309,0.28560701991160514,0.6099649928819305,11.38403530285577
ec_post,synthetic,0.6,0.5,1.0,3,1.6568218475200278,1,0.8494028570175466,0.8074189905024812,1.4054100183801395,0.7027050091900697,0.30547768324056945,0.6099649928819305,12.021043035042666
ec_post,synthetic,0.6,0.75,1.0,3,2.1657351651193233,1,0.8494028570175466,1.3163323081017766,1.4757394590642605,1.1068045942981954,0.3230127752026247,0.6099649928819305,12.686280538324885
ec_post,synthetic,0.6,1.0,1.0,3,2.7467109615097347,1,0.8494028570175466,1.897308104492188,1.5305607627419509,1.5305607627419509,0.3372786122491333,0.6099649928819305,13.370687016607866
ec_post,alpha,,0.1,0.0,3,0.19970892027080717,1,-0.0045869885579888,0.20429590882879597,2.2045095539681405,0.22045095539681406,0.4673471510843342,0.1674318709547505,10.036780262217396
ec_post,alpha,,0.25,0.0,3,0.5016396767310101,1,-0.0045869885579888,0.5062266652889988,2.2368597478782095,0.5592149369695524,0.4771734340129506,0.1674318709547505,10.022402332076549
ec_post,alpha,,0.5,0.0,3,0.9990481746332962,1,-0.0045869885579888,1.003635163191285,2.2823055777229526,1.1411527888614763,0.49159758112026675,0.1674318709547505,9.9547101894391
ec_post,alpha,,0.75,0.0,3,1.5004441226287426,1,-0.0045869885579888,1.5050311111867314,2.316573814755195,1.7374303610663961,0.5031882249803528,0.1674318709547505,9.797595794974937
ec_post,alpha,,1.0,0.0,3,2.0230152124921927,1,-0.0045869885579888,2.0276022010501817,2.339549147812929,2.339549147812929,0.511662453632049,0.1674318709547505,9.523336235744628
ec_post,alpha,,0.1,1.0,3,1.046441333543421,1,0.8494028570175466,0.19703847652587447,2.158316742165958,0.21583167421659583,0.4648422013884796,0.1674318709547505,10.820045221632009
ec_post,alpha,,0.25,1.0,3,1.3427491855182623,1,0.8494028570175466,0.4933463285007157,2.1906706491370844,0.5476676622842711,0.47464487172708614,0.1674318709547505,10.869198200486691
ec_post,alpha,,0.5,1.0,3,1.8382743524690184,1,0.8494028570175466,0.9888714954514718,2.2371571191041815,1.1185785595520907,0.48920297835082993,0.1674318709547505,10.898180286724998
ec_post,alpha,,0.75,1.0,3,2.3408430480078457,1,0.8494028570175466,1.491440190990299,2.2735026745351115,1.7051270059013337,0.5010821842808861,0.1674318709547505,10.821794762195164
ec_post,alpha,,1.0,1.0,3,2.8667499264592817,1,0.8494028570175466,2.017347069441735,2.2993372171718276,2.2993372171718276,0.5099345487225306,0.1674318709547505,10.607590242266019
ec_post,synthetic,0.3,0.1,0.0,4,0.07717726994343933,1,0.009587667027598123,0.06758960291584121,0.6643395517080564,0.06643395517080564,0.14036825603547706,0.3049779666932656,10.055988833423452
ec_post,synthetic,0.3,0.25,0.0,4,0.1972856250235943,1,0.009587667027598123,0.1876979579959962,0.7228278764619456,0.1807069691154864,0.15306183332307846,0.3049779666932656,10.060456015537198
ec_post,synthetic,0.3,0.5,0.0,4,0.4473390874937829,1,0.009587667027598123,0.4377514204661848,0.8127822359874387,0.40639111799371935,0.17281245754650737,0.3049779666932656,10.07269440078142
ec_post,synthetic,0.3,0.75,0.0,4,0.7656325583115269,1,0.009587667027598123,0.7560448912839287,0.8894483324838355,0.6670862493628766,0.18994354674629613,0.3049779666932656,10.087765360033048
ec_post,synthetic,0.3,1.0,0.0,4,1.168289070990889,1,0.009587667027598123,1.158701403963291,0.9496257658336233,0.9496257658336233,0.2036967273675133,0.3049779666932656,10.099032081619715
ec_post,synthetic,0.3,0.1,1.0,4,0.9122536389112071,1,0.8393987931747663,0.07285484573644085,0.6847913221521876,0.06847913221521877,0.14700124784580754,0.3049779666932656,10.916366843563102
ec_post,synthetic,0.3,0.25,1.0,4,1.0412897399710626,1,0.8393987931747663,0.20189094679629627,0.7428898825233105,0.1857224706308276,0.1598048069730093,0.3049779666932656,11.10047791984595
ec_post,synthetic,0.3,0.5,1.0,4,1.3138775120184802,1,0.8393987931747663,0.47447871884371395,0.8335043130496439,0.41675215652482195,0.1799766708004764,0.3049779666932656,11.416218910709198
ec_post,synthetic,0.3,0.75,1.0,4,1.6707517688522993,1,0.8393987931747663,0.831352975677533,0.9120783296796261,0.6840587472597196,0.19773518217529143,0.3049779666932656,11.737222382318883
ec_post,synthetic,0.3,1.0,1.0,4,2.1326080639446903,1,0.8393987931747663,1.2932092707699239,0.9748538007010519,0.9748538007010519,0.2121943009700156,0.3049779666932656,12.050457825536583
ec_post,synthetic,0.6,0.1,0.0,4,0.13476802329962986,1,0.009587667027598123,0.12518035627203175,1.269299029565335,0.1269299029565335,0.26851546134110565,0.6047547386816383,10.056988965562933
ec_post,synthetic,0.6,0.25,0.0,4,0.3387172252965636,1,0.009587667027598123,0.3291295582689655,1.3203130352555508,0.3300782588138877,0.28040984533575,0.6047547386816383,10.062624886582526
ec_post,synthetic,0.6,0.5,0.0,4,0.7237322720644375,1,0.009587667027598123,0.7141446050368393,1.3973644684202353,0.6986822342101177,0.29876831999514725,0.6047547386816383,10.07560945228724
ec_post,synthetic,0.6,0.75,0.0,4,1.1776531427081773,1,0.009587667027598123,1.1680654756805793,1.4615493288668207,1.0961619966501155,0.31454478844584666,0.6047547386816383,10.089624739082977
ec_post,synthetic,0.6,1.0,0.0,4,1.7234827354583686,1,0.009587667027598123,1.7138950684307706,1.5106911564443781,1.5106911564443781,0.32710476761792484,0.6047547386816383,10.097078023329411
ec_post,synthetic,0.6,0.1,1.0,4,0.9788939845713859,1,0.8393987931747663,0.1394951913966196,1.3105758622425285,0.13105758622425287,0.28168592666582093,0.6047547386816383,11.035779908360995
ec_post,synthetic,0.6,0.25,1.0,4,1.2076810783385348,1,0.8393987931747663,0.3682822851637685,1.361939641239313,0.34048491030982825,0.2938859140774255,0.6047547386816383,11.405707826309733
ec_post,synthetic,0.6,0.5,1.0,4,1.649658645843353,1,0.8393987931747663,0.8102598526685868,1.441165755914861,0.7205828779574305,0.3131253586593781,0.6047547386816383,12.048558102698165
ec_post,synthetic,0.6,0.75,1.0,4,2.1852152789279673,1,0.8393987931747663,1.345816485753201,1.5085999041578122,1.1314499281183592,0.33005591456441896,0.6047547386816383,12.716160202059756
ec_post,synthetic,0.6,1.0,1.0,4,2.837156348941656,1,0.8393987931747663,1.9977575557668894,1.5610775034191036,1.5610775034191036,0.34380630935983186,0.6047547386816383,13.388853872241329
ec_post,alpha,,0.1,0.0,4,0.21312070361256366,1,0.009587667027598123,0.20353303658496555,2.2080513967564133,0.22080513967564133,0.46790279590399547,0.1674318709547505,10.05816062212285
ec_post,alpha,,0.25,0.0,4,0.5147790817256862,1,0.009587667027598123,0.505191414698088,2.2392788776405808,0.5598197194101452,0.4774738430065116,0.1674318709547505,10.057288212884455
ec_post,alpha,,0.5,0.0,4,1.0138695559613329,1,0.009587667027598123,1.0042818889337348,2.283047176191294,1.141523588095647,0.4915178756587835,0.1674318709547505,10.017523236203868
ec_post,alpha,,0.75,0.0,4,1.519432399641434,1,0.009587667027598123,1.509844732613836,2.315980297614131,1.7369852232105982,0.5028048224375382,0.1674318709547505,9.898790561733446
ec_post,alpha,,1.0,0.0,4,2.043167181123482,1,0.009587667027598123,2.0335795140958837,2.3380350135187027,2.3380350135187027,0.5110670131688857,0.1674318709547505,9.673429445079174
ec_post,alpha,,0.1,1.0,4,1.0379653495802972,1,0.8393987931747663,0.1985665564055309,2.1619063839290784,0.21619063839290786,0.4653824008997638,0.1674318709547505,10.844994210485348
ec_post,alpha,,0.25,1.0,4,1.3406273288592,1,0.8393987931747663,0.5012285356844338,2.1932854837302775,0.5483213709325694,0.47494411673940184,0.1674318709547505,10.909834733501242
ec_post,alpha,,0.5,1.0,4,1.8567212560075004,1,0.8393987931747663,1.017322462832734,2.238326873194398,1.119163436597199,0.4891442360006254,0.1674318709547505,10.973394328027485
ec_post,alpha,,0.75,1.0,4,2.386663384182424,1,0.8393987931747663,1.5472645910076577,2.2735291966863747,1.705146897514781,0.500738361460329,0.1674318709547505,10.948240507175084
ec_post,alpha,,1.0,1.0,4,2.935102101103525,1,0.8393987931747663,2.095703307928759,2.2985884094260856,2.2985884094260856,0.5093946027110596,0.1674318709547505,10.804530701256168
eo_post,synthetic,0.3,0.1,0.0,0,-0.4762992716129565,1,-0.5855652668850279,0.10926599527207137,0.6808320530221472,0.06808320530221472,0.13727039911657718,0.29588691075673357,1.1476358514599285
eo_post,synthetic,0.3,0.25,0.0,0,-0.30797810555198724,1,-0.5855652668850279,0.2775871613330406,0.6903058992619876,0.1725764748154969,0.13922134609562506,0.29588691075673357,1.1401353886367327
eo_post,synthetic,0.3,0.5,0.0,0,-0.014614607452553267,1,-0.5855652668850279,0.5709506594324746,0.7055260553815751,0.35276302769078755,0.1423624570231433,0.29588691075673357,1.1267493868509322
eo_post,synthetic,0.3,0.75,0.0,0,0.2977351216045845,1,-0.5855652668850279,0.8833003884896123,0.7196045618653318,0.5397034213989989,0.1452780315790403,0.29588691075673357,1.113478351922164
eo_post,synthetic,0.3,1.0,0.0,0,0.6336388422925437,1,-0.5855652668850279,1.2192041091775716,0.7320042915743654,0.7320042915743654,0.1478581930969448,0.29588691075673357,1.1008934145077014
eo_post,synthetic,0.3,0.1,1.0,0,0.814508731374301,1,0.7137117269811449,0.10079700439315609,0.6843349895622081,0.0684334989562208,0.13828917408699037,0.29588691075673357,1.2690442842447014
eo_post,synthetic,0.3,0.25,1.0,0,0.9684592959017987,1,0.7137117269811449,0.25474756892065376,0.694302805194778,0.1735757012986945,0.14034796048154102,0.29588691075673357,1.286229248105966
eo_post,synthetic,0.3,0.5,1.0,0,1.233586486845741,1,0.7137117269811449,0.519874759864596,0.7107214245657886,0.3553607122828943,0.14374654327424738,0.29588691075673357,1.3144953429480624
eo_post,synthetic,0.3,0.75,1.0,0,1.5129796954028214,1,0.7137117269811449,0.7992679684216765,0.7263499531511967,0.5447624648633975,0.14699226841415328,0.29588691075673357,1.3437790294069383
eo_post,synthetic,0.3,1.0,1.0,0,1.8136921892327924,1,0.7137117269811449,1.0999804622516476,0.7404753120255265,0.7404753120255265,0.1499380280712315,0.29588691075673357,1.3745333746086374
eo_post,synthetic,0.6,0.1,0.0,0,-0.37361004891547933,1,-0.5855652668850279,0.21195521796954853,1.3179768310501445,0.13179768310501447,0.26577906338895757,0.6001218459824722,1.148871158408308
eo_post,synthetic,0.6,0.25,0.0,0,-0.05804624599021706,1,-0.5855652668850279,0.5275190208948108,1.3263067677453315,0.3315766919363329,0.26760679541829485,0.6001218459824722,1.1428425104851048
eo_post,synthetic,0.6,0.5,0.0,0,0.4641759945949712,1,-0.5855652668850279,1.049741261479999,1.339581585243905,0.6697907926219525,0.27053423768563967,0.6001218459824722,1.1302417345131799
eo_post,synthetic,0.6,0.75,0.0,0,0.985442721714955,1,-0.5855652668850279,1.5710079885999828,1.351755239191902,1.0138164293939265,0.2732400160821145,0.6001218459824722,1.1151585107305848
eo_post,synthetic,0.6,1.0,0.0,0,1.5135442636220229,1,-0.5855652668850279,2.0991095305070506,1.362413109501453,1.362413109501453,0.27563432461190746,0.6001218459824722,1.0984444261701827
eo_post,synthetic,0.6,0.1,1.0,0,0.9048766578317871,1,0.7137117269811449,0.19116493085064212,1.3253569661409068,0.13253569661409068,0.2678767747192057,0.6001218459824722,1.2863321870377904
eo_post,synthetic,0.6,0.25,1.0,0,1.1865912772128686,1,0.7137117269811449,0.4728795502317237,1.3345103585454632,0.3336275896363658,0.2698941420325816,0.6001218459824722,1.3298897745902283
eo_post,synthetic,0.6,0.5,1.0,0,1.6510839240883037,1,0.7137117269811449,0.9373721971071588,1.3498531806162424,0.6749265903081212,0.27329782908404954,0.6001218459824722,1.4027072495983683
eo_post,synthetic,0.6,0.75,1.0,0,2.1257977172412827,1,0.7137117269811449,1.4120859902601377,1.3647539279860292,1.0235654459895218,0.2766367337344815,0.6001218459824722,1.4770823299619906
eo_post,synthetic,0.6,1.0,1.0,0,2.6323127707171796,1,0.7137117269811449,1.9186010437360346,1.3784633461246456,1.3784633461246456,0.27974905286137697,0.6001218459824722,1.5543194023079299
eo_post,alpha,,0.1,0.0,0,-0.30684712440391626,1,-0.5855652668850279,0.2787181424811116,1.7586858747887706,0.17586858747887707,0.35470069535434795,0.11006558631070859,1.1508263294520775
eo_post,alpha,,0.25,0.0,0,0.09338283912782294,1,-0.5855652668850279,0.6789481060128508,1.7660872597615955,0.4415218149403989,0.35646449486546306,0.11006558631070859,1.1484197154998612
eo_post,alpha,,0.5,0.0,0,0.7201865773364534,1,-0.5855652668850279,1.3057518442214813,1.7783350878059963,0.8891675439029981,0.3593842235765451,0.11006558631070859,1.1437036363185962
eo_post,alpha,,0.75,0.0,0,1.3041876535870514,1,-0.5855652668850279,1.889752920472079,1.7901908661182058,1.3426431495886544,0.362210575721861,0.11006558631070859,1.1380712147396341
eo_post,alpha,,1.0,0.0,0,1.8589333633803309,1,-0.5855652668850279,2.444498630265359,1.8012524083564705,1.8012524083564705,0.36485207897190386,0.11006558631070859,1.131152955379612
eo_post,alpha,,0.1,1.0,0,0.9372114296369043,1,0.7137117269811449,0.22349970265575936,1.7538752774613968,0.1753875277461397,0.3545326500964467,0.11006558631070859,1.2627010437278106
eo_post,alpha,,0.25,1.0,0,1.2623618375607588,1,0.7137117269811449,0.5486501105796139,1.7615695859894478,0.44039239649736195,0.3563697565994812,0.11006558631070859,1.270908400050675
eo_post,alpha,,0.5,1.0,0,1.7805489774794134,1,0.7137117269811449,1.0668372504982684,1.774404591111306,0.887202295555653,0.359438174616501,0.11006558631070859,1.2847684819347847
eo_post,alpha,,0.75,1.0,0,2.2768114138003868,1,0.7137117269811449,1.5630996868192417,1.7869370484798635,1.3402027863598975,0.3624369422600915,0.11006558631070859,1.298826801874739
eo_post,alpha,,1.0,1.0,0,2.762407370981839,1,0.7137117269811449,2.048695644000694,1.798719990228078,1.798719990228078,0.3652608252336934,0.11006558631070859,1.3125739923420057
eo_post,synthetic,0.3,0.1,0.0,1,-0.617229519027805,1,-0.7139359499332051,0.0967064309054001,0.5741643235347395,0.05741643235347395,0.11576656763120317,0.28929285154744644,0.8420082520745886
eo_post,synthetic,0.3,0.25,0.0,1,-0.4680932770304389,1,-0.7139359499332051,0.24584267290276618,0.583308035290185,0.14582700882254626,0.11763474322569595,0.28929285154744644,0.8420357937902155
eo_post,synthetic,0.3,0.5,0.0,1,-0.20602966533918754,1,-0.7139359499332051,0.5079062845940175,0.5980756015326206,0.2990378007663103,0.1206563190423478,0.28929285154744644,0.8406730004961229
eo_post,synthetic,0.3,0.75,0.0,1,0.081085539260074,1,-0.7139359499332051,0.7950214891932791,0.6119077933392669,0.4589308450044502,0.12349301558705625,0.28929285154744644,0.8366395503612339
eo_post,synthetic,0.3,1.0,0.0,1,0.4068235905629149,1,-0.7139359499332051,1.12075954049612,0.6243426568801689,0.6243426568801689,0.12605144094048093,0.28929285154744644,0.8287743569215852
eo_post,synthetic,0.3,0.1,1.0,1,0.7403422568831408,1,0.6575478564458382,0.08279440043730257,0.5780621021972602,0.05780621021972602,0.11679292056216838,0.28929285154744644,0.9577590273169874
eo_post,synthetic,0.3,0.25,1.0,1,0.8685067543983571,1,0.6575478564458382,0.21095889795251888,0.5876620171446617,0.14691550428616543,0.11875810360129423,0.28929285154744644,0.9786123744017428
eo_post,synthetic,0.3,0.5,1.0,1,1.0970563537213114,1,0.6575478564458382,0.43950849727547314,0.6035576663972938,0.3017788331986469,0.12201664962104275,0.28929285154744644,1.0120415945835528
eo_post,synthetic,0.3,0.75,1.0,1,1.353880007533482,1,0.6575478564458382,0.6963321510876438,0.6188661600731318,0.46414962005484883,0.125161828657914,0.28929285154744644,1.0427130498862838
eo_post,synthetic,0.3,1.0,1.0,1,1.6539783345674082,1,0.6575478564458382,0.9964304781215699,0.6329506078639683,0.6329506078639683,0.1280643141098278,0.28929285154744644,1.0692526902095079
eo_post,synthetic,0.6,0.1,0.0,1,-0.5073437209527585,1,-0.7139359499332051,0.2065922289804466,1.2300010308648464,0.12300010308648464,0.24804156286252052,0.5967231382013716,0.8420833674828221
eo_post,synthetic,0.6,0.25,0.0,1,-0.20281144486348804,1,-0.7139359499332051,0.5111245050697171,1.238168131164608,0.309542032791152,0.24980201776238123,0.5967231382013716,0.8422376090832434
eo_post,synthetic,0.6,0.5,0.0,1,0.2965781108468509,1,-0.7139359499332051,1.010514060780056,1.2512148927640117,0.6256074463820058,0.2526246618683476,0.5967231382013716,0.8411095871174875
eo_post,synthetic,0.6,0.75,0.0,1,0.7967073494991829,1,-0.7139359499332051,1.510643299432388,1.2632529338666114,0.9474397003999586,0.2552438059452954,0.5967231382013716,0.8374135975699116
eo_post,synthetic,0.6,1.0,0.0,1,1.3123309080858818,1,-0.7139359499332051,2.026266858019087,1.2738976931992945,1.2738976931992945,0.25757803240680927,0.5967231382013716,0.8303202238838662
eo_post,synthetic,0.6,0.1,1.0,1,0.8369560465121963,1,0.6575478564458382,0.1794081900663581,1.2376114749650726,0.12376114749650727,0.25009377602032856,0.5967231382013716,0.9725883196920588
eo_post,synthetic,0.6,0.25,1.0,1,1.1003082398600845,1,0.6575478564458382,0.4427603834142463,1.246603290906652,0.311650822726663,0.2520349261809039,0.5967231382013716,1.0169161419577917
eo_post,synthetic,0.6,0.5,1.0,1,1.5343596980651306,1,0.6575478564458382,0.8768118416192924,1.2617191455457188,0.6308595727728594,0.25531264079874005,0.5967231382013716,1.0928842989923209
eo_post,synthetic,0.6,0.75,1.0,1,1.9840748219662494,1,0.6575478564458382,1.326526965520411,1.2764907476116314,0.9573680607087236,0.2585378951891694,0.5967231382013716,1.170823778152944
eo_post,synthetic,0.6,1.0,1.0,1,2.4817245668678107,1,0.6575478564458382,1.8241767104219724,1.2902050084217493,1.2902050084217493,0.26156046019284407,0.5967231382013716,1.2504414645592268
eo_post,alpha,,0.1,0.0,1,-0.3942840739459055,1,-0.7139359499332051,0.3196518759872996,1.758021677216705,0.1758021677216705,0.3545881315449114,0.11006558631070859,0.8414904905643344
eo_post,alpha,,0.25,0.0,1,0.05995114770837306,1,-0.7139359499332051,0.7738870976415781,1.7649321305964387,0.4412330326491097,0.35624353334840525,0.11006558631070859,0.8414838093992328
eo_post,alpha,,0.5,0.0,1,0.7659823788576118,1,-0.7139359499332051,1.4799183287908169,1.776333472545036,0.888166736272518,0.35897746246234696,0.11006558631070859,0.8431589336763856
eo_post,alpha,,0.75,0.0,1,1.4239177357813497,1,-0.7139359499332051,2.1378536857145547,1.7873404234165342,1.3405053175624007,0.3616180807767548,0.11006558631070859,0.8473239724370224
eo_post,alpha,,1.0,0.0,1,2.059607642995996,1,-0.7139359499332051,2.7735435929292014,1.7976059669933757,1.7976059669933757,0.3640854496036482,0.11006558631070859,0.8538545525439993
eo_post,alpha,,0.1,1.0,1,0.9108051545194606,1,0.6575478564458382,0.2532572980736224,1.7534222269547795,0.17534222269547795,0.35439393943425224,0.11006558631070859,0.9499776357046797
eo_post,alpha,,0.25,1.0,1,1.278759803765195,1,0.6575478564458382,0.6212119473193568,1.7605888120601174,0.44014720301502935,0.3561131980499093,0.11006558631070859,0.9600100227271982
eo_post,alpha,,0.5,1.0,1,1.8673779434813234,1,0.6575478564458382,1.2098300870354852,1.7725089376987957,0.8862544688493978,0.3589776272785341,0.11006558631070859,0.9787207387566051
eo_post,alpha,,0.75,1.0,1,2.441974703522348,1,0.6575478564458382,1.7844268470765097,1.7841199724471846,1.3380899793353884,0.36177115077766836,0.11006558631070859,0.9999320291401942
eo_post,alpha,,1.0,1.0,1,,0,0.6575478564458382,,1.7950239789939042,1.7950239789939042,0.36439956449601474,0.11006558631070859,1.0230339662522194
eo_post,synthetic,0.3,0.1,0.0,2,-0.5359213920410479,1,-0.6337270301080196,0.09780563806697162,0.591460731293766,0.0591460731293766,0.11924921298797143,0.3028214557140649,0.8769388409464661
eo_post,synthetic,0.3,0.25,0.0,2,-0.3854106417678894,1,-0.6337270301080196,0.24831638834013015,0.6008874521042235,0.15022186302605586,0.12118071452830009,0.3028214557140649,0.876209842893997
eo_post,synthetic,0.3,0.5,0.0,2,-0.12538429119827754,1,-0.6337270301080196,0.508342738909742,0.6161118124499521,0.30805590622497603,0.12430428742564043,0.3028214557140649,0.8748279720190062
eo_post,synthetic,0.3,0.75,0.0,2,0.14764620682315163,1,-0.6337270301080196,0.7813732369311712,0.6303316078262874,0.4727487058697155,0.12722708774714434,0.3028214557140649,0.8723727097883331
eo_post,synthetic,0.3,1.0,0.0,2,0.4399939529684833,1,-0.6337270301080196,1.0737209830765029,0.6430351053942611,0.6430351053942611,0.1298441386010879,0.3028214557140649,0.8677740406641506
eo_post,synthetic,0.3,0.1,1.0,2,0.7863338630821352,1,0.6954790038779823,0.09085485920415282,0.5955946667429797,0.05955946667429797,0.12034610019858975,0.3028214557140649,0.9862553421808996
eo_post,synthetic,0.3,0.25,1.0,2,0.9233246330764588,1,0.6954790038779823,0.2278456291984765,0.6055474505860707,0.15138686264651768,0.12238974878650134,0.3028214557140649,1.008581784072446
eo_post,synthetic,0.3,0.5,1.0,2,1.1547269266348963,1,0.6954790038779823,0.45924792275691395,0.6220408153540917,0.31102040767704586,0.1257796488588527,0.3028214557140649,1.0466969343681691
eo_post,synthetic,0.3,0.75,1.0,2,1.3944966708631927,1,0.6954790038779823,0.6990176669852104,0.6379036043286365,0.4784277032464773,0.12904381782319915,0.3028214557140649,1.0849680375866748
eo_post,synthetic,0.3,1.0,1.0,2,1.652718253212758,1,0.6954790038779823,0.9572392493347757,0.6524408133431968,0.6524408133431968,0.13203920221135415,0.3028214557140649,1.121961881369875
eo_post,synthetic,0.6,0.1,0.0,2,-0.4301558288022975,1,-0.6337270301080196,0.20357120130572204,1.2401338575543235,0.12401338575543236,0.25007632453659007,0.6036203463004229,0.8767593414990141
eo_post,synthetic,0.6,0.25,0.0,2,-0.12630368946923287,1,-0.6337270301080196,0.5074233406387867,1.2485205351061686,0.31213013377654214,0.251895887843812,0.6036203463004229,0.8757990607015441
eo_post,synthetic,0.6,0.5,0.0,2,0.3746378840272062,1,-0.6337270301080196,1.0083649141352258,1.2619930891178317,0.6309965445589159,0.25482846674999265,0.6036203463004229,0.8744892260113581
eo_post,synthetic,0.6,0.75,0.0,2,0.8711998890805639,1,-0.6337270301080196,1.5049269191885835,1.2745140181588284,0.9558855136191213,0.2575662314266999,0.6036203463004229,0.8735400155391548
eo_post,synthetic,0.6,1.0,0.0,2,1.372608786441436,1,-0.6337270301080196,2.0063358165494556,1.2856834240003177,1.2856834240003177,0.26002212603338676,0.6036203463004229,0.8733365492065016
eo_post,synthetic,0.6,0.1,1.0,2,0.882972472188242,1,0.6954790038779823,0.1874934683102597,1.24787552607341,0.124787552607341,0.2521942298695139,0.6036203463004229,1.0001783201872014
eo_post,synthetic,0.6,0.25,1.0,2,1.157768537890115,1,0.6954790038779823,0.4622895340121327,1.2571097651040093,0.3142774412760023,0.2542048969684589,0.6036203463004229,1.0446143161200043
eo_post,synthetic,0.6,0.5,1.0,2,1.6042041830978941,1,0.6954790038779823,0.9087251792199118,1.272706393623499,0.6363531968117495,0.25761395259273967,0.6036203463004229,1.1236736220090164
eo_post,synthetic,0.6,0.75,1.0,2,2.0488360932480325,1,0.6954790038779823,1.3533570893700502,1.288042731418117,0.9660320485635878,0.26098415242533013,0.6036203463004229,1.209996432389417
eo_post,synthetic,0.6,1.0,1.0,2,2.5125178718703762,1,0.6954790038779823,1.817038867992394,1.3023925648406938,1.3023925648406938,0.26415908469427285,0.6036203463004229,1.305498976041594
eo_post,alpha,,0.1,0.0,2,-0.3607049525787048,1,-0.6337270301080196,0.2730220775293148,1.7581255574347492,0.17581255574347493,0.3545793539022607,0.11006558631070859,0.87753592588345
eo_post,alpha,,0.25,0.0,2,0.03275173529515189,1,-0.6337270301080196,0.6664787654031714,1.765395363161541,0.4413488407903853,0.3563004512726387,0.11006558631070859,0.8778487993508668
eo_post,alpha,,0.5,0.0,2,0.6508003943042182,1,-0.6337270301080196,1.2845274244122378,1.7773691172477633,0.8886845586238816,0.35913817272010956,0.11006558631070859,0.87964808111986
eo_post,alpha,,0.75,0.0,2,1.2265824964545227,1,-0.6337270301080196,1.8603095265625422,1.788886619587611,1.3416649646907082,0.3618692006504929,0.11006558631070859,0.8833112287486368
eo_post,alpha,,1.0,0.0,2,1.773184924453302,1,-0.6337270301080196,2.4069119545613216,1.7995746817638405,1.7995746817638405,0.36440731546470706,0.11006558631070859,0.8885776424299516
eo_post,alpha,,0.1,1.0,2,0.9173433454557559,1,0.6954790038779823,0.22186434157777357,1.7529919593858114,0.17529919593858115,0.3543218701200228,0.11006558631070859,0.9772920206406008
eo_post,alpha,,0.25,1.0,2,1.2431963036964968,1,0.6954790038779823,0.5477172998185145,1.7605432394076987,0.4401358098519247,0.35611185622833164,0.11006558631070859,0.9862371650832906
eo_post,alpha,,0.5,1.0,2,1.766757337960561,1,0.6954790038779823,1.0712783340825787,1.7731047329447016,0.8865523664723508,0.35909337991646617,0.11006558631070859,1.003304286099618
eo_post,alpha,,0.75,1.0,2,2.2691977615309202,1,0.6954790038779823,1.573718757652938,1.785322113110113,1.3389915848325846,0.36199542282297237,0.11006558631070859,1.0234607453726918
eo_post,alpha,,1.0,1.0,2,2.77461357089348,1,0.6954790038779823,2.0791345670154975,1.7967677340113026,1.7967677340113026,0.36471706036626916,0.11006558631070859,1.0465347141407928
eo_post,synthetic,0.3,0.1,0.0,3,-0.5115629535180186,1,-0.6063898172251374,0.09482686370711879,0.6209877233145388,0.06209877233145388,0.12521778769128136,0.3030443069931017,0.9091869172851944
eo_post,synthetic,0.3,0.25,0.0,3,-0.3621612509777593,1,-0.6063898172251374,0.2442285662473781,0.6302468900539075,0.1575617225134769,0.1271184404597835,0.3030443069931017,0.9093855071662446
eo_post,synthetic,0.3,0.5,0.0,3,-0.09318922882359264,1,-0.6063898172251374,0.5132005884015448,0.6451905086982503,0.32259525434912517,0.1301932215023934,0.3030443069931017,0.9102735838952463
eo_post,synthetic,0.3,0.75,0.0,3,0.20506915741016016,1,-0.6063898172251374,0.8114589746352976,0.6591562413186021,0.49436718098895155,0.13307662051217486,0.3030443069931017,0.9118260335843328
eo_post,synthetic,0.3,1.0,0.0,3,0.5402637301492182,1,-0.6063898172251374,1.1466535473743558,0.671664970225798,0.671664970225798,0.13567037842422858,0.3030443069931017,0.9133719346213205
eo_post,synthetic,0.3,0.1,1.0,3,0.7926105112525214,1,0.7068744931112193,0.08573601814130205,0.6249903414438991,0.06249903414438991,0.1262838992124974,0.3030443069931017,1.021627310536238
eo_post,synthetic,0.3,0.25,1.0,3,0.9276172905269647,1,0.7068744931112193,0.22074279741574543,0.6347659501679829,0.15869148754199572,0.128293448063772,0.3030443069931017,1.0422927747171995
eo_post,synthetic,0.3,0.5,1.0,3,1.1715347773853644,1,0.7068744931112193,0.4646602842741451,0.65094642613418,0.32547321306709,0.13162683363630276,0.3030443069931017,1.0788308977097325
eo_post,synthetic,0.3,0.75,1.0,3,1.444227512880255,1,0.7068744931112193,0.7373530197690358,0.6665102124675809,0.49988265935068565,0.13484318664190617,0.3030443069931017,1.1179824027203586
eo_post,synthetic,0.3,1.0,1.0,3,1.753776908161404,1,0.7068744931112193,1.0469024150501847,0.6808031262260099,0.6808031262260099,0.13780832195141435,0.3030443069931017,1.1589832970462832
eo_post,synthetic,0.6,0.1,0.0,3,-0.4092265568575078,1,-0.6063898172251374,0.1971632603676296,1.2653383839036334,0.12653383839036333,0.2551879468874741,0.6045210114701833,0.9094911263560685
eo_post,synthetic,0.6,0.25,0.0,3,-0.1130121551465068,1,-0.6063898172251374,0.4933776620786306,1.2736264554373318,0.31840661385933294,0.25698811590619564,0.6045210114701833,0.9100504363728997
eo_post,synthetic,0.6,0.5,0.0,3,0.3860157315300007,1,-0.6063898172251374,0.9924055487551381,1.2869180193442389,0.6434590096721194,0.2598873801921174,0.6045210114701833,0.9113635644841754
eo_post,synthetic,0.6,0.75,0.0,3,0.8983053528416735,1,-0.6063898172251374,1.5046951700668107,1.2992318267847545,0.9744238700885659,0.2625904994598037,0.6045210114701833,0.9133715719044644
eo_post,synthetic,0.6,1.0,0.0,3,1.433094236636265,1,-0.6063898172251374,2.0394840538614023,1.310158937221097,1.310158937221097,0.26500990688110504,0.6045210114701833,0.915907009954942
eo_post,synthetic,0.6,0.1,1.0,3,0.888556008210755,1,0.7068744931112193,0.18168151509953567,1.2731714131254057,0.12731714131254057,0.25729775567605095,0.6045210114701833,1.0369324608951243
eo_post,synthetic,0.6,0.25,1.0,3,1.1601851528599594,1,0.7068744931112193,0.4533106597487401,1.2823573938763198,0.32058934846907994,0.2592933024706657,0.6045210114701833,1.0814522439505598
eo_post,synthetic,0.6,0.5,1.0,3,1.6175987351566798,1,0.7068744931112193,0.9107242420454605,1.2978221650199835,0.6489110825099917,0.2626717356375207,0.6045210114701833,1.1604397110726452
eo_post,synthetic,0.6,0.75,1.0,3,2.0946189902676933,1,0.7068744931112193,1.3877444971564739,1.31295258744124,0.98471444058093,0.26600556944281356,0.6045210114701833,1.246084858712233
eo_post,synthetic,0.6,1.0,1.0,3,2.6047133972901704,1,0.7068744931112193,1.897838904178951,1.3270144828456212,1.3270144828456212,0.2691392597834773,0.6045210114701833,1.3387463396058317
eo_post,alpha,,0.1,0.0,3,-0.32179176290742967,1,-0.6063898172251374,0.28459805431770774,1.7582062514645367,0.1758206251464537,0.35463340733807774,0.11006558631070859,0.9105465389877562
eo_post,alpha,,0.25,0.0,3,0.08726149504898786,1,-0.6063898172251374,0.6936513122741252,1.7656102240999156,0.4414025560249789,0.35637269216441075,0.11006558631070859,0.9130460202438951
eo_post,alpha,,0.5,0.0,3,0.7332830516310511,1,-0.6063898172251374,1.3396728688561885,1.7778469826422645,0.8889234913211322,0.3592472800544075,0.11006558631070859,0.9187566247572951
eo_post,alpha,,0.75,0.0,3,1.34385760135664,1,-0.6063898172251374,1.9502474185817773,1.7896715281373516,1.3422536461030137,0.3620245101013963,0.11006558631070859,0.926748619754929
eo_post,alpha,,1.0,0.0,3,1.9409176038031835,1,-0.6063898172251374,2.5473074210283206,1.8006998998228578,1.8006998998228578,0.36461897839729884,0.11006558631070859,0.9372289698370464
eo_post,alpha,,0.1,1.0,3,0.943225118515489,1,0.7068744931112193,0.23635062540426965,1.75375587016872,0.175375587016872,0.35446475047538684,0.11006558631070859,1.0165525720682762
eo_post,alpha,,0.25,1.0,3,1.289621561518834,1,0.7068744931112193,0.5827470684076147,1.7614888860076112,0.4403722215019028,0.35627925081974116,0.11006558631070859,1.0295652826077808
eo_post,alpha,,0.5,1.0,3,1.8502942488247327,1,0.7068744931112193,1.1434197557135133,1.7743838872102713,0.8871919436051356,0.3593087290254594,0.11006558631070859,1.0535683120810098
eo_post,alpha,,0.75,1.0,3,2.4074502727052463,1,0.7068744931112193,1.7005757795940268,1.7869646859349566,1.3402235144512176,0.3622685848223804,0.11006558631070859,1.081019667447428
eo_post,alpha,,1.0,1.0,3,2.9953402403769767,1,0.7068744931112193,2.2884657472657572,1.7987862882333263,1.7987862882333263,0.3650575311877676,0.11006558631070859,1.1124865322087112
eo_post,synthetic,0.3,0.1,0.0,4,-0.5315227125927208,1,-0.6386317074836511,0.10710899489093029,0.6432400568081859,0.06432400568081859,0.12969275729214988,0.3003226127078436,0.9797233872014649
eo_post,synthetic,0.3,0.25,0.0,4,-0.3652936961449433,1,-0.6386317074836511,0.2733380113387078,0.6525236279186523,0.16313090697966307,0.13159853247692474,0.3003226127078436,0.9758955684479647
eo_post,synthetic,0.3,0.5,0.0,4,-0.07796842138492362,1,-0.6386317074836511,0.5606632860987274,0.6675118092993874,0.3337559046496937,0.13468103686461755,0.3003226127078436,0.9698088928837563
eo_post,synthetic,0.3,0.75,0.0,4,0.2184074153240728,1,-0.6386317074836511,0.8570391228077239,0.6814837658822438,0.5111128244116828,0.13756167988915083,0.3003226127078436,0.9635102761186769
eo_post,synthetic,0.3,1.0,0.0,4,0.5244617636231056,1,-0.6386317074836511,1.1630934711067566,0.693915374239926,0.693915374239926,0.14013279845063736,0.3003226127078436,0.9553292569180414
eo_post,synthetic,0.3,0.1,1.0,4,0.7922185386460543,1,0.6998595954831816,0.09235894316287274,0.6468599812685568,0.06468599812685569,0.13070344068804954,0.3003226127078436,1.0926924407852487
eo_post,synthetic,0.3,0.25,1.0,4,0.9315705762478151,1,0.6998595954831816,0.2317109807646336,0.6567147896063129,0.16417869740157823,0.1327286244467775,0.3003226127078436,1.1124610873894138
eo_post,synthetic,0.3,0.5,1.0,4,1.1649134351440187,1,0.6998595954831816,0.46505383966083713,0.6730623292919387,0.3365311646459693,0.13609224711168252,0.3003226127078436,1.1463605154449197
eo_post,synthetic,0.3,0.75,1.0,4,1.4023639235303482,1,0.6998595954831816,0.7025043280471667,0.6887864328006249,0.5165898246004687,0.13933320214230274,0.3003226127078436,1.1805252961348225
eo_post,synthetic,0.3,1.0,1.0,4,1.6537186348413901,1,0.6998595954831816,0.9538590393582086,0.7031765414606793,0.7031765414606793,0.14230586867848213,0.3003226127078436,1.212600166435113
eo_post,synthetic,0.6,0.1,0.0,4,-0.4274463120511082,1,-0.6386317074836511,0.21118539543254283,1.289114994240569,0.1289114994240569,0.2599602596307681,0.6035341716396241,0.9804362669421628
eo_post,synthetic,0.6,0.25,0.0,4,-0.11346686701381438,1,-0.6386317074836511,0.5251648404698367,1.297351585696525,0.32433789642413124,0.2617526860663101,0.6035341716396241,0.9777321899279421
eo_post,synthetic,0.6,0.5,0.0,4,0.3994517388857037,1,-0.6386317074836511,1.0380834463693547,1.3106174074485812,0.6553087037242906,0.2646478038897572,0.6035341716396241,0.973724869245887
eo_post,synthetic,0.6,0.75,0.0,4,0.8950702514510402,1,-0.6386317074836511,1.5337019589346914,1.3229910465633588,0.9922432849225191,0.26735830819226963,0.6035341716396241,0.9700488031505424
eo_post,synthetic,0.6,1.0,0.0,4,1.3759298363198604,1,-0.6386317074836511,2.0145615438035116,1.334059064843225,1.334059064843225,0.26979507029557703,0.6035341716396241,0.965603429579868
eo_post,synthetic,0.6,0.1,1.0,4,0.8857436106380939,1,0.6998595954831816,0.18588401515491237,1.2964974021768458,0.12964974021768458,0.26201518663458684,0.6035341716396241,1.1083648688979029
eo_post,synthetic,0.6,0.25,1.0,4,1.1561366939397517,1,0.6998595954831816,0.45627709845657016,1.3056192649764164,0.3264048162441041,0.264000670976401,0.6035341716396241,1.1527668591002165
eo_post,synthetic,0.6,0.5,1.0,4,1.5904508412278442,1,0.6998595954831816,0.8905912457446626,1.3210892428111831,0.6605446214055916,0.26737949403102007,0.6035341716396241,1.2309341066788817
eo_post,synthetic,0.6,0.75,1.0,4,2.0193779201483246,1,0.6998595954831816,1.3195183246651432,1.3363714232163244,1.0022785674122434,0.2707351408240135,0.6035341716396241,1.3140374337106182
eo_post,synthetic,0.6,1.0,1.0,4,2.4624482844544833,1,0.6998595954831816,1.7625886889713018,1.35071099502855,1.35071099502855,0.27390787682476453,0.6035341716396241,1.4008869380143454
eo_post,alpha,,0.1,0.0,4,-0.35178870057486417,1,-0.6386317074836511,0.2868430069087869,1.7590838173048686,0.17590838173048687,0.35478410399655846,0.11006558631070859,0.9823458819082734
eo_post,alpha,,0.25,0.0,4,0.06458098901171433,1,-0.6386317074836511,0.7032126964953653,1.766488582982392,0.441622145745598,0.3565349412789243,0.11006558631070859,0.9825915159370285
eo_post,alpha,,0.5,0.0,4,0.7376836085599825,1,-0.6386317074836511,1.3763153160436334,1.778755430642128,0.889377715321064,0.35944240950181994,0.11006558631070859,0.9840039621598303
eo_post,alpha,,0.75,0.0,4,1.407500526031569,1,-0.6386317074836511,2.04613223351522,1.7906011519879157,1.3429508639909367,0.3622616397933576,0.11006558631070859,0.987061634930765
eo_post,alpha,,1.0,0.0,4,2.1259256538037294,1,-0.6386317074836511,2.7645573612873804,1.8015635295927288,1.8015635295927288,0.36489074064645177,0.11006558631070859,0.9924920784335294
eo_post,alpha,,0.1,1.0,4,0.9352174920494333,1,0.6998595954831816,0.23535789656625172,1.7541116463959692,0.17541116463959694,0.35454978553818894,0.11006558631070859,1.086003673434834
eo_post,alpha,,0.25,1.0,4,1.2808716924469952,1,0.6998595954831816,0.5810120969638136,1.7617522151942493,0.4404380537985623,0.35636305254142026,0.11006558631070859,1.0958031902187049
eo_post,alpha,,0.5,1.0,4,1.851131727438523,1,0.6998595954831816,1.1512721319553414,1.7745073750514069,0.8872536875257034,0.3593991298663934,0.11006558631070859,1.1137167813573814
eo_post,alpha,,0.75,1.0,4,2.453149415576739,1,0.6998595954831816,1.7532898200935576,1.7869268386711052,1.340195129003329,0.36236881880766164,0.11006558631070859,1.1339319593591732
eo_post,alpha,,1.0,1.0,4,,0,0.6998595954831816,,1.798503869629561,1.798503869629561,0.36515723970273234,0.11006558631070859,1.156985777012056
