cond,ref,h_mult,h,lam_true,rep,lam_hat,n_roots,instrument_r,rel_height,sd_lnb,rel_excess,boot_sd,boot_lo,boot_hi,boot_fail
ds003690,inband,0.333,1.634143705240545,0.0,0,,0,0.6939621663927004,1.775377725094705,0.2877381429284161,0.370085415945856,,,,
ds003690,inband,0.333,1.634143705240545,0.5,0,-0.6953699692397299,1,0.6945293028060274,1.7773645399530749,0.28809035661083104,0.40055229942441695,,,,
ds003690,inband,0.333,1.634143705240545,1.0,0,0.6155304568286039,1,0.6951877833570612,1.776892054513238,0.2885321761072576,0.5451658659165918,,,,
ds003690,inband,0.333,1.634143705240545,1.5,0,1.612207364562297,1,0.6960429015021156,1.795764483773152,0.28947724572326144,1.2729010301151047,,,,
ds003690,inband,1.0,4.902431115721635,0.0,0,-0.30341923088743167,1,0.6936493061463952,5.326133175284117,0.2862401256235287,1.896176572784192,0.06379282730032848,-0.4415906897692218,-0.1914374169637255,0.0
ds003690,inband,1.0,4.902431115721635,0.5,0,0.23165313999281406,1,0.6951674482036346,5.332093619859225,0.28720036516887165,1.986352961434652,0.08356999066963125,0.05514576212268256,0.3798903990260054,0.0
ds003690,inband,1.0,4.902431115721635,1.0,0,0.872959827833069,1,0.6968488815821802,5.330676163539715,0.288409930721715,2.4139912005124597,0.11789505090305226,0.5630488393323002,1.0155440092407104,0.0
ds003690,inband,1.0,4.902431115721635,1.5,0,1.5341058603329445,1,0.6988689003741753,5.387293451319456,0.2907485585708196,4.5584685729838945,0.13783515491387902,1.191351300792182,1.6287260280892717,0.0
ds003690,inband,3.0,14.707293347164905,0.0,0,-0.053430303377936424,1,0.6898667670881468,15.978399525852346,0.2826886436791001,6.3662446863648885,,,,
ds003690,inband,3.0,14.707293347164905,0.5,0,0.41601506809133904,1,0.6936789907468492,15.996280859577674,0.28508732138602716,6.627381793924423,,,,
ds003690,inband,3.0,14.707293347164905,1.0,0,0.9674611390609187,1,0.6977085919699418,15.992028490619143,0.28814231984857636,7.864915972979183,,,,
ds003690,inband,3.0,14.707293347164905,1.5,0,1.5340474146255834,1,0.702238444003914,16.161880353958367,0.2934590107100885,14.032918508409313,,,,
ds003690,own,0.333,1.634143705240545,0.0,0,-0.5743293641657617,1,0.693938661557683,3.291549006089827,0.28713282113265504,0.966549931074603,,,,
ds003690,own,0.333,1.634143705240545,0.5,0,0.20417253179762904,1,0.6939377280703386,3.2785837345473485,0.2878191985111565,1.0289064087881714,,,,
ds003690,own,0.333,1.634143705240545,1.0,0,0.9543761010112303,1,0.693956859171959,3.3026120738771345,0.2886144471761824,1.2650597736927942,,,,
ds003690,own,0.333,1.634143705240545,1.5,0,1.6034872573200887,1,0.6940037654856067,3.329832044899632,0.28996318564207935,2.3726290813107584,,,,
ds003690,own,1.0,4.902431115721635,0.0,0,-0.11656710350719159,1,0.6923526212141337,9.87464701826948,0.2847590374847979,3.655002890684694,,,,
ds003690,own,1.0,4.902431115721635,0.5,0,0.45889831481365795,1,0.6924906379137213,9.835751203642044,0.2865180141204903,3.835632872926755,,,,
ds003690,own,1.0,4.902431115721635,1.0,0,1.0190120780284686,1,0.6926001615077251,9.907836221631403,0.28858285124364436,4.524046254219072,,,,
ds003690,own,1.0,4.902431115721635,1.5,0,1.5511472273179845,1,0.6927028249484565,9.9894961346989,0.29188367420349975,7.745631012617886,,,,
ds003690,own,3.0,14.707293347164905,0.0,0,0.040314678740877845,1,0.6823680396935373,29.623941054808448,0.27944726890693494,11.429810663829377,,,,
ds003690,own,3.0,14.707293347164905,0.5,0,0.5667754515283885,1,0.6836509214722509,29.507253610926135,0.283503345548507,11.926800709470156,,,,
ds003690,own,3.0,14.707293347164905,1.0,0,1.0639745773342952,1,0.6845646363512037,29.72350866489421,0.2883333748824233,13.855648298097803,,,,
ds003690,own,3.0,14.707293347164905,1.5,0,1.5305107993558054,1,0.6852305192099409,29.968488404096696,0.29556719036653756,22.86875519991645,,,,
ds003690,pooled,0.333,1.634143705240545,0.0,0,-0.4400686987585912,1,0.6938493864927254,3.9728850967654896,0.2868455613629623,1.3730229036528951,,,,
ds003690,pooled,0.333,1.634143705240545,0.5,0,0.38118637066450806,1,0.6965161153578562,3.9695607311000702,0.2878432165517157,1.4320332519292602,,,,
ds003690,pooled,0.333,1.634143705240545,1.0,0,1.1111785576995246,1,0.6991947313796766,3.9535371257397975,0.28900867459389745,1.687324509798441,,,,
ds003690,pooled,0.333,1.634143705240545,1.5,0,1.7114449754634657,1,0.7019741882422789,3.9945992310686016,0.29094319143262265,3.0226770251259745,,,,
ds003690,pooled,1.0,4.902431115721635,0.0,0,-0.0835695436464153,1,0.6915656199219041,11.918655290296467,0.28408135141149454,4.842874335849211,,,,
ds003690,pooled,1.0,4.902431115721635,0.5,0,0.5634876896690987,1,0.6982909887773984,11.908682193300212,0.2865858896281303,5.01487173277263,,,,
ds003690,pooled,1.0,4.902431115721635,1.0,0,1.1399629389502781,1,0.7048209851022759,11.86061137721939,0.2895319401967141,5.758179872705177,,,,
ds003690,pooled,1.0,4.902431115721635,1.5,0,1.6428644374238743,1,0.7113155227864859,11.983797693205805,0.2940832849522362,9.630745412880813,,,,
ds003690,pooled,3.0,14.707293347164905,0.0,0,0.06070421963690396,1,0.6787988116566636,35.755965870889405,0.2780127721740356,14.783658119773156,,,,
ds003690,pooled,3.0,14.707293347164905,0.5,0,0.6588223084249951,1,0.694387089175908,35.72604657990064,0.28366560347178177,15.264342054217078,,,,
ds003690,pooled,3.0,14.707293347164905,1.0,0,1.1716294461305876,1,0.7087865854627672,35.58183413165817,0.29034934139048474,17.343723609754964,,,,
ds003690,pooled,3.0,14.707293347164905,1.5,0,1.6078724585487314,1,0.7222936839909458,35.95139307961741,0.29996180709819187,28.113648211851398,,,,
ds003690,synthetic,0.333,1.634143705240545,0.0,0,-0.05470629399281745,1,0.4524116561587914,1.766636537237738,0.2992051943830266,1.4400654788402858,,,,
ds003690,synthetic,0.333,1.634143705240545,0.5,0,0.4752449134594387,1,0.45273644098467375,1.7804765864554377,0.29963287957206663,1.4665792350969125,,,,
ds003690,synthetic,0.333,1.634143705240545,1.0,0,0.9874539595514228,1,0.45304912048648155,1.7768920545132385,0.2998500862627697,1.5785885161595707,,,,
ds003690,synthetic,0.333,1.634143705240545,1.5,0,1.4712303027689586,1,0.453361811623056,1.7830419460745814,0.30004020341977056,1.9161393501116308,,,,
ds003690,synthetic,1.0,4.902431115721635,0.0,0,-0.04522401522451981,1,0.4510844721650402,5.299909611713213,0.2980396783390557,4.348051436740572,,,,
ds003690,synthetic,1.0,4.902431115721635,0.5,0,0.477104034300013,1,0.45203296729044534,5.341429759366312,0.2991962744468058,4.427239292562659,,,,
ds003690,synthetic,1.0,4.902431115721635,1.0,0,0.9868917367253606,1,0.4529476342894843,5.330676163539714,0.2998304046198426,4.761785474017325,,,,
ds003690,synthetic,1.0,4.902431115721635,1.5,0,1.4769637867625054,1,0.4538611195338451,5.3491258382237445,0.30038802187562846,5.7694921492019,,,,
ds003690,synthetic,3.0,14.707293347164905,0.0,0,-0.03381770209525962,1,0.4475049100077794,15.899728835139639,0.295186215281473,12.99923177781438,,,,
ds003690,synthetic,3.0,14.707293347164905,0.5,0,0.4889019088612042,1,0.45015704387978256,16.02428927809894,0.29802105389487815,13.233566090219966,,,,
ds003690,synthetic,3.0,14.707293347164905,1.0,0,0.9961444991864981,1,0.4527219463748719,15.992028490619141,0.2997909817731546,14.224482724319888,,,,
ds003690,synthetic,3.0,14.707293347164905,1.5,0,1.4825472209623807,1,0.45527468838302426,16.047377514671233,0.3013646656589305,17.20631229360556,,,,
ds003690,inband,0.333,1.634143705240545,0.0,1,,0,0.6939826674347676,1.6220461642891046,0.28779493371654813,0.33330805232863997,,,,
ds003690,inband,0.333,1.634143705240545,0.5,1,-0.38420857017736987,1,0.6946463704558146,1.6369476451583647,0.28812339523746905,0.36465414295077997,,,,
ds003690,inband,0.333,1.634143705240545,1.0,1,0.841263021700302,1,0.695479467383779,1.6522083975319517,0.2885291779436751,0.49720085292457195,,,,
ds003690,inband,0.333,1.634143705240545,1.5,1,1.683070442779944,1,0.6966020441015345,1.6536748248274593,0.28930774452642716,1.0894725419522873,,,,
ds003690,inband,1.0,4.902431115721635,0.0,1,-0.1470424190717396,1,0.6939497904589865,4.866138492867314,0.2863801084673749,1.7859524597203589,,,,
ds003690,inband,1.0,4.902431115721635,0.5,1,0.39473707835818944,1,0.6957083129542007,4.910842935475095,0.28727184446321224,1.878710839732218,,,,
ds003690,inband,1.0,4.902431115721635,1.0,1,1.000990369081057,1,0.6977799957796343,4.956625192595855,0.288374986611246,2.2708449885882396,,,,
ds003690,inband,1.0,4.902431115721635,1.5,1,1.590519293786413,1,0.7003608702638898,4.961024474482379,0.29034032198277354,4.019656178720216,,,,
ds003690,inband,3.0,14.707293347164905,0.0,1,0.08346525787595215,1,0.6917676035448915,14.598415478601943,0.2830095982600843,6.038277040519522,,,,
ds003690,inband,3.0,14.707293347164905,0.5,1,0.5500054870083562,1,0.6960943355211894,14.732528806425284,0.2852365698871311,6.307003939501554,,,,
ds003690,inband,3.0,14.707293347164905,1.0,1,1.0683599297870086,1,0.7008726755273454,14.869875577787564,0.28801925950824103,7.444039412679748,,,,
ds003690,inband,3.0,14.707293347164905,1.5,1,1.5846025867556204,1,0.7063573446303145,14.883073423447136,0.29261747480440903,12.49946507301374,,,,
ds003690,own,0.333,1.634143705240545,0.0,1,-0.4196495979755134,1,0.6940577231667865,3.079608431221088,0.2872051479594979,0.808344082528548,,,,
ds003690,own,0.333,1.634143705240545,0.5,1,0.3259306371909601,1,0.6940976870824395,3.0831894810971185,0.28785530401424014,0.8795191916770938,,,,
ds003690,own,0.333,1.634143705240545,1.0,1,1.0382192638393957,1,0.6941951152898277,3.1087940482295133,0.2885961698048449,1.1241758662193455,,,,
ds003690,own,0.333,1.634143705240545,1.5,1,1.6439386214787612,1,0.6943664856567748,3.125509784169707,0.28977008786836245,2.145710686698554,,,,
ds003690,own,1.0,4.902431115721635,0.0,1,0.008435871509804222,1,0.6932618573816517,9.238825293663265,0.28494162545910595,3.1866464816572986,,,,
ds003690,own,1.0,4.902431115721635,0.5,1,0.5522573812347916,1,0.6933968500670669,9.249568443291354,0.28660163301580205,3.393478028945661,,,,
ds003690,own,1.0,4.902431115721635,1.0,1,1.0846242327440798,1,0.6935984151772362,9.32638214468854,0.2885163584267235,4.1083083979541435,,,,
ds003690,own,1.0,4.902431115721635,1.5,1,1.5925623420634702,1,0.6938960956553061,9.376529352509124,0.2914069350419638,7.089630398182974,,,,
ds003690,own,3.0,14.707293347164905,0.0,1,0.15698271094420832,1,0.6865303994045796,27.716475880989798,0.2798862481667127,10.070638190807795,,,,
ds003690,own,3.0,14.707293347164905,0.5,1,0.6491202381204608,1,0.6874348946851576,27.74870532987406,0.28371185593450143,10.645099653953034,,,,
ds003690,own,3.0,14.707293347164905,1.0,1,1.1212757142775154,1,0.688230737522555,27.979146434065626,0.2881897240884168,12.661097133120355,,,,
ds003690,own,3.0,14.707293347164905,1.5,1,1.5738280336395034,1,0.6890151422068816,28.12958805752737,0.29464803364165226,21.068692102837364,,,,
ds003690,pooled,0.333,1.634143705240545,0.0,1,-0.2898748435680383,1,0.6940624296238046,3.7299145804140226,0.28693000972121724,1.2340171157969504,,,,
ds003690,pooled,0.333,1.634143705240545,0.5,1,0.4989638792167448,1,0.6966098795412131,3.6898753781079843,0.2878875465005262,1.2959500703463167,,,,
ds003690,pooled,0.333,1.634143705240545,1.0,1,1.1886816612858464,1,0.6992153501068774,3.7654007979614974,0.28897441456872036,1.5461058114178285,,,,
ds003690,pooled,0.333,1.634143705240545,1.5,1,1.7517556832025314,1,0.7019604106429197,3.772791505935987,0.29062962931504316,2.7256379620045528,,,,
ds003690,pooled,1.0,4.902431115721635,0.0,1,0.04179828012878228,1,0.6928248467357503,11.189743741242069,0.2842942177169981,4.431234890641379,,,,
ds003690,pooled,1.0,4.902431115721635,0.5,1,0.6567550939334741,1,0.6991762763107108,11.069626134323954,0.28668689088767607,4.612051405525505,,,,
ds003690,pooled,1.0,4.902431115721635,1.0,1,1.204120282713233,1,0.7054365662173888,11.296202393884492,0.28942446781832054,5.342572842039558,,,,
ds003690,pooled,1.0,4.902431115721635,1.5,1,1.6850771695692761,1,0.7117505601107738,11.31837451780796,0.2934055509657626,8.779714480137509,,,,
ds003690,pooled,3.0,14.707293347164905,0.0,1,0.17855390218425904,1,0.6839284719585926,33.569231223726206,0.2785157438767445,13.590963832762965,,,,
ds003690,pooled,3.0,14.707293347164905,0.5,1,0.7411568902045536,1,0.6985136671773815,33.20887840297186,0.28390717260504583,14.099124312850387,,,,
ds003690,pooled,3.0,14.707293347164905,1.0,1,1.2285567036002603,1,0.7121546363250161,33.88860718165348,0.29013649617003184,16.15916948105262,,,,
ds003690,pooled,3.0,14.707293347164905,1.5,1,1.649965722286878,1,0.7251195267781106,33.955123553423874,0.29878492128965023,25.828673088535414,,,,
ds003690,synthetic,0.333,1.634143705240545,0.0,1,0.0463978893322255,1,0.445511152399557,1.6502353944647432,0.29932116823648014,1.2486693756537888,,,,
ds003690,synthetic,0.333,1.634143705240545,0.5,1,0.5227325641778015,1,0.4458076353566314,1.6414554241828117,0.2996913867705039,1.28455870717303,,,,
ds003690,synthetic,0.333,1.634143705240545,1.0,1,1.0218083433694929,1,0.44609104102699765,1.6522083975319517,0.2998958030779507,1.4408914727318956,,,,
ds003690,synthetic,0.333,1.634143705240545,1.5,1,1.526207458971928,1,0.44637461645111093,1.6456485961463954,0.3001014511657262,2.135407009518735,,,,
ds003690,synthetic,1.0,4.902431115721635,0.0,1,0.06098570507283781,1,0.44447907964217875,4.95070618339423,0.2982970814680794,3.8198013971277534,,,,
ds003690,synthetic,1.0,4.902431115721635,0.5,1,0.5322765439259468,1,0.44534534445549706,4.924366272548435,0.2993283954197015,3.9270296849127977,,,,
ds003690,synthetic,1.0,4.902431115721635,1.0,1,1.0298147031188116,1,0.4461753306596043,4.956625192595855,0.29992671331941856,4.394052140084168,,,,
ds003690,synthetic,1.0,4.902431115721635,1.5,1,1.5389881032896666,1,0.4470047714769651,4.936945788439186,0.30052639494991257,6.466693611728328,,,,
ds003690,synthetic,3.0,14.707293347164905,0.0,1,0.07139574839327686,1,0.44168146896687804,14.852118550182688,0.29571865022005955,11.475435988262328,,,,
ds003690,synthetic,3.0,14.707293347164905,0.5,1,0.5452318703592756,1,0.44410756097572873,14.773098817645305,0.29834426996309266,11.793175606868468,,,,
ds003690,synthetic,3.0,14.707293347164905,1.0,1,1.0406458532719887,1,0.4464415825031649,14.869875577787564,0.3000238841609017,13.177214908510575,,,,
ds003690,synthetic,3.0,14.707293347164905,1.5,1,1.5421953742381194,1,0.44876609939048046,14.810837365317559,0.30169474963248305,19.306674625705156,,,,
ds003690,inband,0.333,1.634143705240545,0.0,2,,0,0.6940606762540544,1.6674684191772693,0.2878177941514591,0.14472929240843685,,,,
ds003690,inband,0.333,1.634143705240545,0.5,2,-0.8765006694985509,1,0.6946804533200007,1.6790176660201341,0.2881411712547635,0.16469566829719057,,,,
ds003690,inband,0.333,1.634143705240545,1.0,2,0.4943070881089423,1,0.6954102805058483,1.6992747534389112,0.2885273721311483,0.2615043042395657,,,,
ds003690,inband,0.333,1.634143705240545,1.5,2,1.63085972077946,1,0.6963802169146985,1.702611515729245,0.28926950709306015,0.7320436456311765,,,,
ds003690,inband,1.0,4.902431115721635,0.0,2,-0.3149168144563333,1,0.6939968561393144,5.002405257531808,0.28648092619781834,1.2289551046776088,,,,
ds003690,inband,1.0,4.902431115721635,0.5,2,0.20661712210499625,1,0.6956545252068075,5.0370529980604015,0.28734646596229496,1.2882608176522876,,,,
ds003690,inband,1.0,4.902431115721635,1.0,2,0.8386108244515312,1,0.697573688466853,5.0978242603167345,0.28840454265971877,1.5758177784321783,,,,
ds003690,inband,1.0,4.902431115721635,1.5,2,1.536656405458102,1,0.7000013241031605,5.1078345471877356,0.29032681743181943,2.97038905705423,,,,
ds003690,inband,3.0,14.707293347164905,0.0,2,-0.05144005466330151,1,0.6915329535999634,15.007215772595424,0.28336837117888175,4.430146241941054,,,,
ds003690,inband,3.0,14.707293347164905,0.5,2,0.4006633584773012,1,0.6956501505124307,15.111158994181208,0.2855081257162365,4.6033957383807,,,,
ds003690,inband,3.0,14.707293347164905,1.0,2,0.9419689905532356,1,0.7002622306119427,15.293472780950204,0.28819717218920043,5.444303315652205,,,,
ds003690,inband,3.0,14.707293347164905,1.5,2,1.5429491926441647,1,0.7056855810245066,15.323503641563205,0.29273254775017,9.508467975926619,,,,
ds003690,own,0.333,1.634143705240545,0.0,2,-0.6467983422923234,1,0.6940618107509984,3.2453577290911233,0.2872903172530616,0.5769749068923964,,,,
ds003690,own,0.333,1.634143705240545,0.5,2,0.11503517388104731,1,0.6939766116221154,3.2428574377314634,0.28791911304600504,0.6127745863460843,,,,
ds003690,own,0.333,1.634143705240545,1.0,2,0.8850960124979811,1,0.6939234830845488,3.2704181379593167,0.28862551111784707,0.7581612052145981,,,,
ds003690,own,0.333,1.634143705240545,1.5,2,1.5663551640801794,1,0.6939128302735038,3.285683215591231,0.28973285546733224,1.4386069089267293,,,,
ds003690,own,1.0,4.902431115721635,0.0,2,-0.1367084145604861,1,0.6931263737656012,9.73607318727337,0.28520728091660724,2.5104645491921502,,,,
ds003690,own,1.0,4.902431115721635,0.5,2,0.41731790070534996,1,0.6930288243957824,9.728572313194391,0.2868037420956698,2.6154745063994147,,,,
ds003690,own,1.0,4.902431115721635,1.0,2,0.9737448918150918,1,0.6929628547230284,9.81125441387795,0.28863401039180736,3.043423192832771,,,,
ds003690,own,1.0,4.902431115721635,1.5,2,1.515313359603876,1,0.6929525454011691,9.857049646773694,0.29142348283407504,5.042723118600582,,,,
ds003690,own,3.0,14.707293347164905,0.0,2,0.02927612847104758,1,0.6861433839860253,29.20821956182011,0.2806159747184144,8.164956770442547,,,,
ds003690,own,3.0,14.707293347164905,0.5,2,0.5328470897841079,1,0.6866754080073613,29.185716939583173,0.2842936371201396,8.462335082043206,,,,
ds003690,own,3.0,14.707293347164905,1.0,2,1.0247960261868958,1,0.6870631104114375,29.433763241633848,0.2886032542294382,9.687135143032972,,,,
ds003690,own,3.0,14.707293347164905,1.5,2,1.503994793940776,1,0.6873966034819974,29.571148940321077,0.2949020762906219,15.40440000965018,,,,
ds003690,pooled,0.333,1.634143705240545,0.0,2,-0.4935316618865603,1,0.6940611921562354,3.891730449387591,0.287044133539085,0.8004624214901032,,,,
ds003690,pooled,0.333,1.634143705240545,0.5,2,0.30792184673916306,1,0.6964836030070473,3.8772227810867204,0.28793378713950935,0.8407938979309719,,,,
ds003690,pooled,0.333,1.634143705240545,1.0,2,1.0524728400790422,1,0.6989505123866776,3.9041247608406375,0.28893879098413733,1.0130730001741255,,,,
ds003690,pooled,0.333,1.634143705240545,1.5,2,1.6804753763361147,1,0.7015545658672204,3.939429047414169,0.29048279915754954,1.8893706961599694,,,,
ds003690,pooled,1.0,4.902431115721635,0.0,2,-0.10176209545184645,1,0.6927040646255159,11.675191348162773,0.28463522564984434,3.1692682674087274,,,,
ds003690,pooled,1.0,4.902431115721635,0.5,2,0.5203613900067443,1,0.6987836858001732,11.63166834326016,0.2868672328311566,3.2878004609310594,,,,
ds003690,pooled,1.0,4.902431115721635,1.0,2,1.0938903085187055,1,0.7047925874736712,11.71237428252191,0.28942598064936287,3.7942289515090284,,,,
ds003690,pooled,1.0,4.902431115721635,1.5,2,1.6127330325807916,1,0.7108861151721331,11.818287142242507,0.29321838878204914,6.363613440765538,,,,
ds003690,pooled,3.0,14.707293347164905,0.0,2,0.04935487387920201,1,0.6836719903059124,35.02557404448832,0.27941911501478256,10.05996230168127,,,,
ds003690,pooled,3.0,14.707293347164905,0.5,2,0.6197801566879293,1,0.6975661913659271,34.89500502978048,0.28447907867227645,10.39740816291721,,,,
ds003690,pooled,3.0,14.707293347164905,1.0,2,1.1281995790797477,1,0.7106373682564223,35.137122847565735,0.29036498494933627,11.843138946819797,,,,
ds003690,pooled,3.0,14.707293347164905,1.5,2,1.5822759770782089,1,0.7231320205288734,35.45486142672752,0.29866951508797235,19.16306591777444,,,,
ds003690,synthetic,0.333,1.634143705240545,0.0,2,0.06627278929522833,1,0.42974721112368425,1.6901066758935936,0.2957043994940547,0.990955277490196,,,,
ds003690,synthetic,0.333,1.634143705240545,0.5,2,0.5600293268635951,1,0.4300675999000832,1.7142063169339345,0.2959514607096414,1.0174546196949141,,,,
ds003690,synthetic,0.333,1.634143705240545,1.0,2,1.0440368222473613,1,0.4303732256262552,1.6992747534389114,0.29611966841724663,1.136116937952152,,,,
ds003690,synthetic,0.333,1.634143705240545,1.5,2,1.530580029659341,1,0.4306761505511389,1.7027867066356541,0.29631111342105254,1.6175923658534337,,,,
ds003690,synthetic,1.0,4.902431115721635,0.0,2,0.07633726177394416,1,0.4285760231829436,5.070320027680781,0.294942390473337,3.03271375541226,,,,
ds003690,synthetic,1.0,4.902431115721635,0.5,2,0.5630915353576019,1,0.42951229394413265,5.142618950801804,0.2956395817314786,3.11194556497743,,,,
ds003690,synthetic,1.0,4.902431115721635,1.0,2,1.04924855181435,1,0.43040714040026345,5.0978242603167345,0.29613351338507166,3.466700313868154,,,,
ds003690,synthetic,1.0,4.902431115721635,1.5,2,1.5456146140141795,1,0.43129358263585177,5.108360119906962,0.2966934882276356,4.904856431118246,,,,
ds003690,synthetic,3.0,14.707293347164905,0.0,2,0.09003809360215799,1,0.42542216090086377,15.210960083042343,0.2929515282111243,9.121954857477656,,,,
ds003690,synthetic,3.0,14.707293347164905,0.5,2,0.5761802933238478,1,0.4280430458172075,15.42785685240541,0.29478661393047506,9.35726402610675,,,,
ds003690,synthetic,3.0,14.707293347164905,1.0,2,1.0602003563820213,1,0.4305571805779831,15.293472780950204,0.2961847391309676,10.410871983593625,,,,
ds003690,synthetic,3.0,14.707293347164905,1.5,2,1.550951894185218,1,0.43304300308837634,15.325080359720886,0.2977553804454231,14.673934893960004,,,,
ds003690,inband,0.333,1.634143705240545,0.0,3,,0,0.6939695148403029,1.6473985942491582,0.2877102899083426,1.1302015040462035,,,,
ds003690,inband,0.333,1.634143705240545,0.5,3,-0.9344470988606212,1,0.6945265583452294,1.6389583478008878,0.2880113816780762,1.1759982678403778,,,,
ds003690,inband,0.333,1.634143705240545,1.0,3,0.4284324509371054,1,0.6952213831239588,1.6255610964360372,0.2883728682865802,1.324268618017988,,,,
ds003690,inband,0.333,1.634143705240545,1.5,3,1.4999988609911241,1,0.6961998892425155,1.636613419931095,0.2891043535876661,1.8959159364839213,,,,
ds003690,inband,1.0,4.902431115721635,0.0,3,-0.26536196902776504,1,0.693676479641852,4.942195782747475,0.28623656740935327,4.126356983380494,,,,
ds003690,inband,1.0,4.902431115721635,0.5,3,0.2254749781444549,1,0.6951617277639293,4.916875043402663,0.2870481456396833,4.260659013177262,,,,
ds003690,inband,1.0,4.902431115721635,1.0,3,0.8385846613923873,1,0.6969283985085851,4.876683289308112,0.28804439514299657,4.69446607391272,,,,
ds003690,inband,1.0,4.902431115721635,1.5,3,1.4650150754858615,1,0.6991959098580232,4.909840259793285,0.2899344354529147,6.36168646253003,,,,
ds003690,inband,3.0,14.707293347164905,0.0,3,0.024493613644504697,1,0.6901932319960681,14.826587348242427,0.28276846075420486,12.722872703131017,,,,
ds003690,inband,3.0,14.707293347164905,0.5,3,0.4570818695155085,1,0.6938664575349648,14.75062513020799,0.28479896078024236,13.104259512519716,,,,
ds003690,inband,3.0,14.707293347164905,1.0,3,0.977856536144601,1,0.6980363108068669,14.630049867924335,0.2873604063617163,14.330402385371608,,,,
ds003690,inband,3.0,14.707293347164905,1.5,3,1.5056049762530523,1,0.7029476002185658,14.729520779379856,0.2918457508968923,19.020329175117546,,,,
ds003690,own,0.333,1.634143705240545,0.0,3,-0.6478565010781216,1,0.6939916945694965,3.2322778203241986,0.28715859761284596,1.8901330701030328,,,,
ds003690,own,0.333,1.634143705240545,0.5,3,0.13289484527260384,1,0.6939670886822041,3.20900314500287,0.2877409734456498,1.9946549508770162,,,,
ds003690,own,0.333,1.634143705240545,1.0,3,0.8919267278533183,1,0.6939454443865584,3.1948199755194993,0.2883852455662026,2.295214369311031,,,,
ds003690,own,0.333,1.634143705240545,1.5,3,1.5325684882314938,1,0.6939351439071846,3.2011980117362264,0.28942096961971936,3.3358997080828754,,,,
ds003690,own,1.0,4.902431115721635,0.0,3,-0.10704549531598365,1,0.6928170515726769,9.696833460972597,0.28489419977913394,6.334433342041907,,,,
ds003690,own,1.0,4.902431115721635,0.5,3,0.4502036257748267,1,0.6927668215776936,9.62700943500861,0.28638009368124856,6.626004572943196,,,,
ds003690,own,1.0,4.902431115721635,1.0,3,0.9854057877869467,1,0.6926932206230457,9.584459926558498,0.28806601196831927,7.47943937644971,,,,
ds003690,own,1.0,4.902431115721635,1.5,3,1.493489364333037,1,0.6926299786960083,9.60359403520868,0.2907193209873033,10.442259810343753,,,,
ds003690,own,3.0,14.707293347164905,0.0,3,0.0840716770585905,1,0.6847248582918128,29.090500382917792,0.27978614868131585,18.8881384372935,,,,
ds003690,own,3.0,14.707293347164905,0.5,3,0.5828663207188642,1,0.6853825799661832,28.881028305025836,0.2832283432758889,19.625284925961036,,,,
ds003690,own,3.0,14.707293347164905,1.0,3,1.0451675839461798,1,0.6858379338385437,28.75337977967549,0.2872480258907448,21.883746243072014,,,,
ds003690,own,3.0,14.707293347164905,1.5,3,1.4856730614763853,1,0.6862075637927797,28.81078210562604,0.2933275452320085,29.811699292903583,,,,
ds003690,pooled,0.333,1.634143705240545,0.0,3,-0.48436340801446554,1,0.6938753453391716,3.847306605642101,0.2868502748214148,2.9144251597422586,,,,
ds003690,pooled,0.333,1.634143705240545,0.5,3,0.39870873742626345,1,0.6967180357555173,3.846638001686899,0.2877597046381567,2.9779238294611625,,,,
ds003690,pooled,0.333,1.634143705240545,1.0,3,1.1847653264977824,1,0.6995642677775944,3.8109818809413296,0.2887792590808886,3.2175160608174838,,,,
ds003690,pooled,0.333,1.634143705240545,1.5,3,1.783824876116972,1,0.7024994399460279,3.8002252042046125,0.29034621470661703,4.301729441115416,,,,
ds003690,pooled,1.0,4.902431115721635,0.0,3,-0.06316324178389293,1,0.6919784011023665,11.541919816926303,0.28418045169387873,9.27352850893657,,,,
ds003690,pooled,1.0,4.902431115721635,0.5,3,0.6173912656887598,1,0.6988238840960254,11.539914005060698,0.28644020909734114,9.454199187331952,,,,
ds003690,pooled,1.0,4.902431115721635,1.0,3,1.2139997220184329,1,0.705461634986059,11.432945642823988,0.28901271270913953,10.137847405156316,,,,
ds003690,pooled,1.0,4.902431115721635,1.5,3,1.7147476095172338,1,0.712039864695711,11.400675612613838,0.29285647736940845,13.227673413202428,,,,
ds003690,pooled,3.0,14.707293347164905,0.0,3,0.11559331792682538,1,0.6813803722550493,34.6257594507789,0.27827047080615663,26.89734470634692,,,,
ds003690,pooled,3.0,14.707293347164905,0.5,3,0.7363639238874762,1,0.6964953945595506,34.619742015182084,0.28336327164139957,27.377093579713225,,,,
ds003690,pooled,3.0,14.707293347164905,1.0,3,1.2598053975649213,1,0.710490318308392,34.29883692847196,0.28926770368371046,29.208313675586304,,,,
ds003690,pooled,3.0,14.707293347164905,1.5,3,1.6962509368085523,1,0.7236279406127587,34.202026837841515,0.2977120590151546,37.513735492226495,,,,
ds003690,synthetic,0.333,1.634143705240545,0.0,3,-0.05693454217511166,1,0.4354129010557813,1.65747150720098,0.2790861298393905,2.440505804106016,,,,
ds003690,synthetic,0.333,1.634143705240545,0.5,3,0.44785696707437306,1,0.4357315998167244,1.6384947949714026,0.27929338189456376,2.4896316914837464,,,,
ds003690,synthetic,0.333,1.634143705240545,1.0,3,0.9480474332024053,1,0.4360395078769607,1.6255610964360376,0.2794493482659275,2.6113097627263735,,,,
ds003690,synthetic,0.333,1.634143705240545,1.5,3,1.4415415673950822,1,0.43634715406734403,1.6374370919305283,0.27961622596183194,2.9979866404506557,,,,
ds003690,synthetic,1.0,4.902431115721635,0.0,3,-0.02771386997741677,1,0.43417220108490645,4.972414521602939,0.27839278788485544,7.373994251225884,,,,
ds003690,synthetic,1.0,4.902431115721635,0.5,3,0.464264774887771,1,0.43509410850442976,4.915484384914207,0.2789895182688495,7.5202902228142685,,,,
ds003690,synthetic,1.0,4.902431115721635,1.0,3,0.9614801045412631,1,0.4359863344945676,4.876683289308112,0.27944610141372817,7.882537955154401,,,,
ds003690,synthetic,1.0,4.902431115721635,1.5,3,1.4592051382692228,1,0.4368775834897913,4.912311275791586,0.27993319793617516,9.032830282304172,,,,
ds003690,synthetic,3.0,14.707293347164905,0.0,3,0.002857300386063959,1,0.4309634832465507,14.917243564808821,0.2765564089881038,21.97363708248848,,,,
ds003690,synthetic,3.0,14.707293347164905,0.5,3,0.4928086717060509,1,0.433503230108699,14.746453154742623,0.27817728457280605,22.403357254026066,,,,
ds003690,synthetic,3.0,14.707293347164905,1.0,3,0.9872036534482959,1,0.4359673816209284,14.630049867924335,0.27946469241591393,23.466915332979003,,,,
ds003690,synthetic,3.0,14.707293347164905,1.5,3,1.4764130886178388,1,0.43842441302038737,14.73693382737476,0.2808279652230041,26.83975245644627,,,,
ds003690,inband,0.333,1.634143705240545,0.0,4,,0,0.6940454138091029,1.5885243996618048,0.2878561087468992,0.265761245298977,,,,
ds003690,inband,0.333,1.634143705240545,0.5,4,,0,0.6946006112197227,1.5865167619260097,0.28818494098762415,0.30038663216674794,,,,
ds003690,inband,0.333,1.634143705240545,1.0,4,0.6848962079130134,1,0.6953035931562822,1.6166423088171475,0.2885882231265996,0.458255846942721,,,,
ds003690,inband,0.333,1.634143705240545,1.5,4,1.6669830403140724,1,0.6962741722161857,1.6240818241913413,0.28941246311722346,1.2278471593934122,,,,
ds003690,inband,1.0,4.902431115721635,0.0,4,-0.35511723594889305,1,0.6943330743171162,4.765573198985415,0.2865470337633276,1.5870376405137818,,,,
ds003690,inband,1.0,4.902431115721635,0.5,4,0.22534149333418838,1,0.695842920542383,4.759550285778029,0.28743268148519446,1.6897857885582293,,,,
ds003690,inband,1.0,4.902431115721635,1.0,4,0.9195733996400552,1,0.6976505467729993,4.849926926451443,0.28853335900696025,2.1578599856416005,,,,
ds003690,inband,1.0,4.902431115721635,1.5,4,1.57144968222331,1,0.6999521157797218,4.872245472574024,0.29061340673740876,4.432570372014949,,,,
ds003690,inband,3.0,14.707293347164905,0.0,4,-0.07570351410126858,1,0.6934883063721925,14.296719596956244,0.283428672719971,5.467130997790453,,,,
ds003690,inband,3.0,14.707293347164905,0.5,4,0.4117165329157189,1,0.6972391636697001,14.278650857334085,0.2856273383812746,5.7666575978025625,,,,
ds003690,inband,3.0,14.707293347164905,1.0,4,0.9886860560148178,1,0.7014659407900146,14.549780779354329,0.2884128389061144,7.129792273909981,,,,
ds003690,inband,3.0,14.707293347164905,1.5,4,1.5510553441986707,1,0.7064390737326988,14.616736417722073,0.2932269395212593,13.718636880089411,,,,
ds003690,own,0.333,1.634143705240545,0.0,4,-0.7339706120752333,1,0.6943075171915893,2.9943421955663165,0.2873539327529008,0.6928006383220167,,,,
ds003690,own,0.333,1.634143705240545,0.5,4,0.11117552436661994,1,0.6943135808509625,2.987154231033072,0.2879614790018728,0.7582036559954652,,,,
ds003690,own,0.333,1.634143705240545,1.0,4,0.9488664911938169,1,0.6943633926707267,3.020751389742591,0.28865317513266214,1.0141075771618995,,,,
ds003690,own,0.333,1.634143705240545,1.5,4,1.6365837302560604,1,0.6944724188933683,3.0397008954730755,0.289816938528472,2.217146641217401,,,,
ds003690,own,1.0,4.902431115721635,0.0,4,-0.15928517296484945,1,0.6943462802435897,8.98302658669895,0.28530251251624833,2.8488570471795263,,,,
ds003690,own,1.0,4.902431115721635,0.5,4,0.42123456917347424,1,0.6943793465194149,8.961462693099215,0.2868780073348619,3.039846777347224,,,,
ds003690,own,1.0,4.902431115721635,1.0,4,1.013842762032071,1,0.6944600640443107,9.06225416922777,0.28870536202448643,3.7905363842261326,,,,
ds003690,own,1.0,4.902431115721635,1.5,4,1.5779650164565089,1,0.6946125845769046,9.119102686419229,0.29161056109015127,7.310274854803105,,,,
ds003690,own,3.0,14.707293347164905,0.0,4,0.0023262503925242798,1,0.6906993447297668,26.94907976009685,0.280686181098898,9.115003582446532,,,,
ds003690,own,3.0,14.707293347164905,0.5,4,0.5249432869912936,1,0.6911256281050351,26.884388079297644,0.28437782079606977,9.650868038256801,,,,
ds003690,own,3.0,14.707293347164905,1.0,4,1.048074132352694,1,0.6914658803469146,27.186762507683312,0.2887443232705429,11.784721604151061,,,,
ds003690,own,3.0,14.707293347164905,1.5,4,1.5496443424917634,1,0.6917946812497558,27.35730805925768,0.29526897277514147,21.758897036492467,,,,
ds003690,pooled,0.333,1.634143705240545,0.0,4,-0.551025048778301,1,0.6944150393777333,3.578367606343973,0.2871036091657361,1.0760441721306437,,,,
ds003690,pooled,0.333,1.634143705240545,0.5,4,0.3177236466507856,1,0.6966176774071379,3.5966222417686504,0.28798275375201265,1.1343562034798742,,,,
ds003690,pooled,0.333,1.634143705240545,1.0,4,1.1119401583345982,1,0.6988876670139996,3.6183626719674304,0.2889873610670213,1.4091927358501923,,,,
ds003690,pooled,0.333,1.634143705240545,1.5,4,1.739297828684193,1,0.701313771847223,3.607328662901799,0.2906186849834279,2.8420277019094553,,,,
ds003690,pooled,1.0,4.902431115721635,0.0,4,-0.12227143540957364,1,0.6942642595542714,10.735102819031919,0.28470621888843783,3.973423885638402,,,,
ds003690,pooled,1.0,4.902431115721635,0.5,4,0.5301930519370135,1,0.6998404424973953,10.78986672530595,0.28694649821082036,4.144274770856587,,,,
ds003690,pooled,1.0,4.902431115721635,1.0,4,1.1369147017031878,1,0.7054214405473614,10.85508801590229,0.2895401359678444,4.9495734576962915,,,,
ds003690,pooled,1.0,4.902431115721635,1.5,4,1.6662942207910723,1,0.7111570422352292,10.821985988705396,0.29351237957502624,9.132810051456431,,,,
ds003690,pooled,3.0,14.707293347164905,0.0,4,0.02160715212562441,1,0.6891229607135271,32.205308457095754,0.2794154819588396,12.317892121915598,,,,
ds003690,pooled,3.0,14.707293347164905,0.5,4,0.6181884576768888,1,0.7019779493360098,32.36960017591785,0.2845629146672803,12.80116969967194,,,,
ds003690,pooled,3.0,14.707293347164905,1.0,4,1.158446063315426,1,0.7142093171045909,32.565264047706876,0.2905938914185922,15.085897083951085,,,,
ds003690,pooled,3.0,14.707293347164905,1.5,4,1.6233943334078045,1,0.7260528785099257,32.46595796611619,0.29925520677601514,26.893765874073416,,,,
ds003690,synthetic,0.333,1.634143705240545,0.0,4,0.021096337188697422,1,0.4527294438357721,1.608990064560254,0.31611289950020943,1.0608887978428303,,,,
ds003690,synthetic,0.333,1.634143705240545,0.5,4,0.528420749015176,1,0.4529756440435248,1.6115194387810416,0.31634516501397286,1.0981813284949613,,,,
ds003690,synthetic,0.333,1.634143705240545,1.0,4,1.0234274777791077,1,0.45321342866168984,1.6166423088171475,0.3165148036193948,1.283102665909178,,,,
ds003690,synthetic,0.333,1.634143705240545,1.5,4,1.499174814230412,1,0.4534528760091668,1.61815997759199,0.3167503357699032,2.262953617441705,,,,
ds003690,synthetic,1.0,4.902431115721635,0.0,4,0.04075195888224275,1,0.45184720106241866,4.826970193680762,0.31537242275611704,3.2560135837131723,,,,
ds003690,synthetic,1.0,4.902431115721635,0.5,4,0.5359171299784157,1,0.452571971687334,4.834558316343125,0.31603843060154124,3.367504777180558,,,,
ds003690,synthetic,1.0,4.902431115721635,1.0,4,1.0299667846931422,1,0.4532727837428285,4.8499269264514435,0.31653819401905203,3.9202108992037967,,,,
ds003690,synthetic,1.0,4.902431115721635,1.5,4,1.5105817098646601,1,0.453977793728188,4.85447993277597,0.3172234242721692,6.84442663047741,,,,
ds003690,synthetic,3.0,14.707293347164905,0.0,4,0.05406147967363291,1,0.44940201468230967,14.480910581042288,0.31339583231021995,9.79882108116191,,,,
ds003690,synthetic,3.0,14.707293347164905,0.5,4,0.5462709799435285,1,0.45146608639774427,14.503674949029374,0.31518655688765396,10.1298542175592,,,,
ds003690,synthetic,3.0,14.707293347164905,1.0,4,1.0372166626640307,1,0.4534668796209833,14.549780779354329,0.31661194642026924,11.770138386360587,,,,
ds003690,synthetic,3.0,14.707293347164905,1.5,4,1.510324266496209,1,0.4554741671901441,14.56343979832791,0.3185113063023628,20.418840015047028,,,,
ec_pre,inband,0.333,6.663278592740772,0.0,0,-0.12296914505701319,1,0.36972420823844404,6.444875682256518,0.1595324196800938,3.06847463341654,,,,
ec_pre,inband,0.333,6.663278592740772,0.5,0,0.3973743580805745,1,0.3707867768289611,6.484313464262096,0.1600282210813895,3.122744789293248,,,,
ec_pre,inband,0.333,6.663278592740772,1.0,0,0.9379804170842034,1,0.3719363132176423,6.503260665422024,0.16054407502215312,3.2755337946128336,,,,
ec_pre,inband,0.333,6.663278592740772,1.5,0,1.5020896239352404,1,0.37324227892911654,6.496013435461496,0.1611231856867556,3.5469715214696778,,,,
ec_pre,inband,1.0,19.989835778222318,0.0,0,0.06867802896327704,1,0.36997326439328587,19.334627046769555,0.15799184301391797,10.009177799668057,0.02286192523429162,0.0244263827836482,0.10403446722559832,0.0
ec_pre,inband,1.0,19.989835778222318,0.5,0,0.5424271261096012,1,0.3726665707609216,19.45294039278629,0.1592153027964375,10.168050180630006,0.02721138942097749,0.49831965509155374,0.5943659368693378,0.0
ec_pre,inband,1.0,19.989835778222318,1.0,0,1.0544287971352633,1,0.37559076281277465,19.509781996266078,0.16051403506885606,10.616186526423844,0.04412881902449513,0.979950556247538,1.13158960980614,0.0
ec_pre,inband,1.0,19.989835778222318,1.5,0,1.610266336343812,1,0.37888142812479847,19.488040306384487,0.16196955743898012,11.41232921373918,0.054520290852953825,1.4955361886080412,1.7182080819590575,0.0
ec_pre,inband,3.0,59.96950733466696,0.0,0,0.20832531294044968,1,0.3691571550405411,58.003881140308664,0.15476310652334074,30.029941549790106,,,,
ec_pre,inband,3.0,59.96950733466696,0.5,0,0.6861140808683568,1,0.375284675007083,58.35882117835888,0.1574585566038203,30.481679946237076,,,,
ec_pre,inband,3.0,59.96950733466696,1.0,0,1.2236155926423322,1,0.38210055954886285,58.52934598879823,0.16041201769199762,31.763172342199777,,,,
ec_pre,inband,3.0,59.96950733466696,1.5,0,1.8171594927760149,1,0.389789733692293,58.46412091915347,0.16374579243918794,34.041341610865146,,,,
ec_pre,pooled,0.333,6.663278592740772,0.0,0,0.008444948835589518,1,0.3700149768932569,13.313124326963713,0.15870826752073905,6.2320624296216245,,,,
ec_pre,pooled,0.333,6.663278592740772,0.5,0,0.8658842793947847,1,0.37492146528299275,13.37988048881769,0.16037518009242277,6.279873450274788,,,,
ec_pre,pooled,0.333,6.663278592740772,1.0,0,1.6778626801264516,1,0.3797599492795772,13.40890505795552,0.16203295437408977,6.409094442235545,,,,
ec_pre,pooled,0.333,6.663278592740772,1.5,0,2.4441609339514145,1,0.3846062293255316,13.405039822540807,0.16372246946013452,6.631112634153571,,,,
ec_pre,pooled,1.0,19.989835778222318,0.0,0,0.14965729981251696,1,0.3696798430105565,39.939372980891136,0.1561955333535574,19.190033185062273,,,,
ec_pre,pooled,1.0,19.989835778222318,0.5,0,0.9529730299691856,1,0.3808832223527848,40.13964146645307,0.15995039180312995,19.32575985084249,,,,
ec_pre,pooled,1.0,19.989835778222318,1.0,0,1.6898915148377334,1,0.39177039356485654,40.22671517386656,0.16368233334738377,19.697253540928862,,,,
ec_pre,pooled,1.0,19.989835778222318,1.5,0,2.3631773136173844,1,0.40245714765460744,40.21511946762243,0.16745281383529168,20.33723771399349,,,,
ec_pre,pooled,3.0,59.96950733466696,0.0,0,0.314497634227674,1,0.36698124488379413,119.81811894267344,0.15129618700563258,55.73276325266685,,,,
ec_pre,pooled,3.0,59.96950733466696,0.5,0,1.085861661046325,1,0.38911707383347593,120.41892439935921,0.158737064662173,56.09440467011469,,,,
ec_pre,pooled,3.0,59.96950733466696,1.0,0,1.7493474648763632,1,0.41017612337145,120.68014552159968,0.1660954991244052,57.11666026253548,,,,
ec_pre,pooled,3.0,59.96950733466696,1.5,0,2.320893378681955,1,0.43031355007397987,120.64535840286732,0.17344985705871374,58.890229759561535,,,,
ec_pre,synthetic,0.333,6.663278592740772,0.0,0,0.0588192017508492,1,0.1583279808024096,6.473593856151289,0.1558964766654803,6.494408293536756,,,,
ec_pre,synthetic,0.333,6.663278592740772,0.5,0,0.6394854393273406,1,0.15893849127071363,6.4946328241848015,0.1563163475942325,6.525521304857323,,,,
ec_pre,synthetic,0.333,6.663278592740772,1.0,0,1.1910541887480248,1,0.15953591421727972,6.503260665422024,0.15672264667846955,6.6119880733567955,,,,
ec_pre,synthetic,0.333,6.663278592740772,1.5,0,1.708594495410585,1,0.1601355748517658,6.500107340348752,0.1571325982563257,6.762114461247503,,,,
ec_pre,synthetic,1.0,19.989835778222318,0.0,0,0.10485875891178643,1,0.15631957684326508,19.420781568453865,0.15439446099673534,19.408636025631655,,,,
ec_pre,synthetic,1.0,19.989835778222318,0.5,0,0.6819230486662121,1,0.15800508287706688,19.4838984725544,0.15555075455945816,19.500104842040866,,,,
ec_pre,synthetic,1.0,19.989835778222318,1.0,0,1.2301734452542537,1,0.15966235075896798,19.509781996266078,0.15667807295680458,19.754718156490554,,,,
ec_pre,synthetic,1.0,19.989835778222318,1.5,0,1.7446568909153701,1,0.1613254279114001,19.50032202104626,0.1578144570517727,20.196874105055947,,,,
ec_pre,synthetic,3.0,59.96950733466696,0.0,0,0.22256331329382528,1,0.1519533870280786,58.26234470536161,0.15068125993830594,56.90070893844079,,,,
ec_pre,synthetic,3.0,59.96950733466696,0.5,0,0.8009131942899484,1,0.15614698090972698,58.45169541766322,0.1535587120972692,57.15969926532858,,,,
ec_pre,synthetic,3.0,59.96950733466696,1.0,0,1.3347280557676087,1,0.1603022967718702,58.52934598879824,0.15639432677896084,57.88779624457739,,,,
ec_pre,synthetic,3.0,59.96950733466696,1.5,0,1.8241877349248752,1,0.16447124068727043,58.500966063138776,0.15924741194302588,59.15487997335124,,,,
ec_pre,inband,0.333,6.663278592740772,0.0,1,-0.149365096045828,1,0.3700458330951921,6.640233270285316,0.15960559769833274,2.858594883181514,,,,
ec_pre,inband,0.333,6.663278592740772,0.5,1,0.3466370005802386,1,0.3711330339744847,6.648154980567855,0.16007340749670398,2.9057257770541214,,,,
ec_pre,inband,0.333,6.663278592740772,1.0,1,0.8720737625703668,1,0.37229167898730403,6.65489611874813,0.16055495520519833,3.0411728515394083,,,,
ec_pre,inband,0.333,6.663278592740772,1.5,1,1.4389230259946304,1,0.3735923911883858,6.673727165201463,0.1610880779467334,3.282790006043091,,,,
ec_pre,inband,1.0,19.989835778222318,0.0,1,0.049684962317925206,1,0.370515271851825,19.92069981085595,0.1581474241174722,9.391385365998206,,,,
ec_pre,inband,1.0,19.989835778222318,0.5,1,0.5011075434299899,1,0.37324839857198433,19.94446494170357,0.15930780578622541,9.52955521009848,,,,
ec_pre,inband,1.0,19.989835778222318,1.0,1,1.0008185769641897,1,0.37619108243522215,19.964688356244395,0.16053218794290106,9.92721240449379,,,,
ec_pre,inband,1.0,19.989835778222318,1.5,1,1.5667634218856756,1,0.37948885106232166,20.021181495604388,0.16189718631299818,10.636531278849866,,,,
ec_pre,inband,3.0,59.96950733466696,0.0,1,0.19915979640986567,1,0.36975343813285055,59.76209943256785,0.15503076875102625,28.25374368709921,,,,
ec_pre,inband,3.0,59.96950733466696,0.5,1,0.6545059080378401,1,0.37594182617813326,59.8333948251107,0.1576113949547162,28.647600560203973,,,,
ec_pre,inband,3.0,59.96950733466696,1.0,1,1.1844841027402935,1,0.3828004890139601,59.8940650687332,0.16043179220347645,29.78658800413241,,,,
ec_pre,inband,3.0,59.96950733466696,1.5,1,1.8022218361858624,1,0.3905299193539784,60.063544486813164,0.1636127007632679,31.819353272946,,,,
ec_pre,pooled,0.333,6.663278592740772,0.0,1,-0.01323086517827337,1,0.3704450281678396,13.739834723961785,0.1587996349717441,5.93282124239407,,,,
ec_pre,pooled,0.333,6.663278592740772,0.5,1,0.8414561104389701,1,0.3755256783277912,13.712547858596556,0.160473096520788,5.970445302298455,,,,
ec_pre,pooled,0.333,6.663278592740772,1.0,1,1.6618266898418852,1,0.38053117777802814,13.73263673040649,0.16213224311244342,6.080339082508367,,,,
ec_pre,pooled,0.333,6.663278592740772,1.5,1,2.448162452237797,1,0.385538736038658,13.741671635742762,0.16381501115021493,6.269366944576524,,,,
ec_pre,pooled,1.0,19.989835778222318,0.0,1,0.13598336946456147,1,0.37024981371560467,41.219504171885355,0.15637829696472355,18.320873023776805,,,,
ec_pre,pooled,1.0,19.989835778222318,0.5,1,0.936016851359638,1,0.38175731774931737,41.137643575789674,0.16013823471820032,18.42719270412274,,,,
ec_pre,pooled,1.0,19.989835778222318,1.0,1,1.6793812094418037,1,0.39292760754817996,41.197910191219485,0.16386735070464178,18.742920462781676,,,,
ec_pre,pooled,1.0,19.989835778222318,1.5,1,2.369598059149711,1,0.4038806471728789,41.2250149072283,0.16762443131463164,19.287659344345805,,,,
ec_pre,pooled,3.0,59.96950733466696,0.0,1,0.3117135470406629,1,0.36748409813098604,123.65851251565607,0.15159187155040751,53.296307229912706,,,,
ec_pre,pooled,3.0,59.96950733466696,0.5,1,1.0790306957704214,1,0.3900573863535971,123.41293072736903,0.1590351237393627,53.57669734303632,,,,
ec_pre,pooled,3.0,59.96950733466696,1.0,1,1.7485232977569702,1,0.41150586987120064,123.59373057365846,0.16638532418310287,54.44435750531939,,,,
ec_pre,pooled,3.0,59.96950733466696,1.5,1,2.3347321225215154,1,0.43199390649379305,123.67504472168487,0.17371993806282085,55.95314947854512,,,,
ec_pre,synthetic,0.333,6.663278592740772,0.0,1,-0.012006239611867805,1,0.16498487606310872,6.65933075578851,0.16065501252017428,6.132260323547776,,,,
ec_pre,synthetic,0.333,6.663278592740772,0.5,1,0.5291832351095851,1,0.16560747002080994,6.6478659215628095,0.16106494108728728,6.1515278156454665,,,,
ec_pre,synthetic,0.333,6.663278592740772,1.0,1,1.0552623422936835,1,0.16621602258153054,6.654896118748132,0.16146091343556662,6.2165060316369765,,,,
ec_pre,synthetic,0.333,6.663278592740772,1.5,1,1.5729006160823995,1,0.16682513818499747,6.639293542507112,0.16185696176927417,6.330464324415264,,,,
ec_pre,synthetic,1.0,19.989835778222318,0.0,1,0.04022241657995436,1,0.1629575147982372,19.97799226736553,0.1591634137384702,18.348494097996838,,,,
ec_pre,synthetic,1.0,19.989835778222318,0.5,1,0.5746670707125235,1,0.16467071162200367,19.943597764688434,0.16029341689314308,18.405054213032592,,,,
ec_pre,synthetic,1.0,19.989835778222318,1.0,1,1.096334793932009,1,0.16635305769094838,19.964688356244398,0.1613918357674706,18.596454423049856,,,,
ec_pre,synthetic,1.0,19.989835778222318,1.5,1,1.6109290751651186,1,0.16803734926876093,19.91788062752134,0.1624908515486651,18.932267238133367,,,,
ec_pre,synthetic,3.0,59.96950733466696,0.0,1,0.15045187586882017,1,0.15855319574341284,59.933976802096595,0.1554370553972095,53.85475243092816,,,,
ec_pre,synthetic,3.0,59.96950733466696,0.5,1,0.6853960477638037,1,0.16279431407555217,59.8307932940653,0.15825463112938531,54.0138405254459,,,,
ec_pre,synthetic,3.0,59.96950733466696,1.0,1,1.1977793313475023,1,0.16699107887583964,59.8940650687332,0.16101986973256277,54.56126298432814,,,,
ec_pre,synthetic,3.0,59.96950733466696,1.5,1,1.6930541431172237,1,0.17119506751249067,59.753641882564025,0.16378707853520877,55.524174843068096,,,,
ec_pre,inband,0.333,6.663278592740772,0.0,2,-0.17805073004220376,1,0.3693619347156777,6.6425555128742,0.15939892622320215,3.166918631611185,,,,
ec_pre,inband,0.333,6.663278592740772,0.5,2,0.3283629859064817,1,0.3705269922718529,6.676333207959498,0.1599290609851734,3.2166748439236286,,,,
ec_pre,inband,0.333,6.663278592740772,1.0,2,0.8553885801224913,1,0.3717757590351774,6.696556555410296,0.16047327185989071,3.3691712560463505,,,,
ec_pre,inband,0.333,6.663278592740772,1.5,2,1.401742251826724,1,0.3731784692967219,6.693611345824401,0.1610743786256627,3.6434073757089336,,,,
ec_pre,inband,1.0,19.989835778222318,0.0,2,0.0037753171606913763,1,0.36907468264421184,19.927666538622603,0.15770283346286934,10.297755029999372,,,,
ec_pre,inband,1.0,19.989835778222318,0.5,2,0.4700662091648556,1,0.3719833030772203,20.028999623878498,0.1589964037152696,10.44333588222473,,,,
ec_pre,inband,1.0,19.989835778222318,1.0,2,0.9736105688731004,1,0.3751134844865448,20.08966966623089,0.16035551815120105,10.890546567010992,,,,
ec_pre,inband,1.0,19.989835778222318,1.5,2,1.5179231058323843,1,0.3786019649831112,20.080834037473203,0.16186088837042253,11.694774213145145,,,,
ec_pre,inband,3.0,59.96950733466696,0.0,2,0.14129925320190087,1,0.3671802872973035,59.78299961586782,0.15420929473658776,30.85332384871358,,,,
ec_pre,inband,3.0,59.96950733466696,0.5,2,0.6125736549221182,1,0.3736536633972676,60.0869988716355,0.1570212580731745,31.266663119439986,,,,
ec_pre,inband,3.0,59.96950733466696,1.0,2,1.143116588864377,1,0.38080777572775354,60.269008998692684,0.16008452570370962,32.54506048050499,,,,
ec_pre,inband,3.0,59.96950733466696,1.5,2,1.7314587378142234,1,0.3888296936738141,60.242502112419615,0.16351901963643004,34.84556668638785,,,,
ec_pre,pooled,0.333,6.663278592740772,0.0,2,-0.04685261900063554,1,0.3692508853428967,13.786199191895857,0.15849542465315547,6.41958959470125,,,,
ec_pre,pooled,0.333,6.663278592740772,0.5,2,0.8007121415740688,1,0.37435247646799663,13.83127428447785,0.16024805911823128,6.4604857056440865,,,,
ec_pre,pooled,0.333,6.663278592740772,1.0,2,1.6082592498764823,1,0.3793802672286931,13.898703489079391,0.16198497577456922,6.588527625086586,,,,
ec_pre,pooled,0.333,6.663278592740772,1.5,2,2.3769491159075242,1,0.3844119893127512,13.867929579105208,0.16374786343378736,6.815789076011625,,,,
ec_pre,pooled,1.0,19.989835778222318,0.0,2,0.09077900061677224,1,0.3680509668042696,41.35859757568757,0.1557746380138225,19.732209547758625,,,,
ec_pre,pooled,1.0,19.989835778222318,0.5,2,0.8921663425085948,1,0.37962592494210584,41.49382285343356,0.1596953204981562,19.847440305091837,,,,
ec_pre,pooled,1.0,19.989835778222318,1.0,2,1.6306199152751746,1,0.39085726303623863,41.69611046723818,0.1635809511727979,20.215058942500313,,,,
ec_pre,pooled,1.0,19.989835778222318,1.5,2,2.310812378075916,1,0.4018643085808472,41.603788737315625,0.16749387903193055,20.86973938950649,,,,
ec_pre,pooled,3.0,59.96950733466696,0.0,2,0.25512980032755966,1,0.36404741782285177,124.07579272706272,0.15056761675010685,57.24370966752798,,,,
ec_pre,pooled,3.0,59.96950733466696,0.5,2,1.0306326273675601,1,0.38681210777513036,124.48146856030064,0.15828723049006613,57.54560385314178,,,,
ec_pre,pooled,3.0,59.96950733466696,1.0,2,1.700457988518832,1,0.40842385969804057,125.08833140171453,0.16590482752704147,58.554648721317136,,,,
ec_pre,pooled,3.0,59.96950733466696,1.5,2,2.2829692031284305,1,0.4290492878815418,124.81136621194688,0.1735004853556875,60.3667507851694,,,,
ec_pre,synthetic,0.333,6.663278592740772,0.0,2,0.050338741413280756,1,0.16300130885069286,6.672087274124881,0.1579639241046089,6.667726916211392,,,,
ec_pre,synthetic,0.333,6.663278592740772,0.5,2,0.5512670575931113,1,0.16363325144040988,6.680357830728873,0.15840466414459625,6.6952202088026915,,,,
ec_pre,synthetic,0.333,6.663278592740772,1.0,2,1.0394885180275677,1,0.16425059803341036,6.696556555410297,0.158826708359517,6.7796303383097065,,,,
ec_pre,synthetic,0.333,6.663278592740772,1.5,2,1.5163390976235172,1,0.16486936021728238,6.705856977657786,0.1592487874194769,6.9278280434154755,,,,
ec_pre,synthetic,1.0,19.989835778222318,0.0,2,0.09704158948707166,1,0.1608645432511016,20.016261822374645,0.15639593196245521,19.91868333504248,,,,
ec_pre,synthetic,1.0,19.989835778222318,0.5,2,0.5961824144152047,1,0.1626014995314543,20.04107349218662,0.15759858858871897,19.99945903931046,,,,
ec_pre,synthetic,1.0,19.989835778222318,1.0,2,1.0821562683264587,1,0.16430774837800835,20.089669666230893,0.1587623796930239,20.24799039088192,,,,
ec_pre,synthetic,1.0,19.989835778222318,1.5,2,1.556319799280382,1,0.16601838803638508,20.117570932973358,0.15992696718149202,20.684464775598947,,,,
ec_pre,synthetic,3.0,59.96950733466696,0.0,2,0.20241090604932718,1,0.15626559647031218,60.048785467123935,0.15258769480935963,58.359521520139964,,,,
ec_pre,synthetic,3.0,59.96950733466696,0.5,2,0.7041755179740933,1,0.16055819133522586,60.123220476559865,0.15553920285751566,58.58750294800173,,,,
ec_pre,synthetic,3.0,59.96950733466696,1.0,2,1.1816153869096242,1,0.16481114329020932,60.269008998692684,0.15843674891410683,59.29797828297564,,,,
ec_pre,synthetic,3.0,59.96950733466696,1.5,2,1.6373763324220565,1,0.16907740536542976,60.35271279892008,0.16133844603842484,60.548747368024024,,,,
ec_pre,inband,0.333,6.663278592740772,0.0,3,-0.15876269770151186,1,0.3700594351221113,6.5478008852186225,0.15952328233316898,2.843847322982701,,,,
ec_pre,inband,0.333,6.663278592740772,0.5,3,0.3376726896566108,1,0.37121378902708363,6.536910276251215,0.160063600714248,2.8934538752189747,,,,
ec_pre,inband,0.333,6.663278592740772,1.0,3,0.8558477420661869,1,0.3724509920576238,6.541589323724132,0.1606183173871963,3.045961068937115,,,,
ec_pre,inband,0.333,6.663278592740772,1.5,3,1.395868156198686,1,0.3738425892373734,6.542120131621434,0.16123065608628387,3.3255898755371582,,,,
ec_pre,inband,1.0,19.989835778222318,0.0,3,0.016433016755566306,1,0.3706577743879716,19.64340265565587,0.1579812564229403,9.348685749798744,,,,
ec_pre,inband,1.0,19.989835778222318,0.5,3,0.47089522269619355,1,0.37350738814066264,19.61073082875365,0.1592790199286491,9.49392813385263,,,,
ec_pre,inband,1.0,19.989835778222318,1.0,3,0.9612003917628384,1,0.3765714929405955,19.624767971172396,0.16064172637549345,9.94169895347425,,,,
ec_pre,inband,1.0,19.989835778222318,1.5,3,1.4920836213459643,1,0.3799857274101837,19.626360394864303,0.16214927605873478,10.762864018917599,,,,
ec_pre,inband,3.0,59.96950733466696,0.0,3,0.14479428995743843,1,0.3701696579724999,58.93020796696761,0.1547336277555128,28.134507231273925,,,,
ec_pre,inband,3.0,59.96950733466696,0.5,3,0.5999288099191261,1,0.3764888140285712,58.83219248626094,0.15752860291781837,28.54755022414199,,,,
ec_pre,inband,3.0,59.96950733466696,1.0,3,1.110493672310214,1,0.38344121097909356,58.87430391351719,0.16056774062056567,29.83041946519858,,,,
ec_pre,inband,3.0,59.96950733466696,1.5,3,1.6763324205037666,1,0.3912123191088826,58.87908118459292,0.16397102706512398,32.185187857645,,,,
ec_pre,pooled,0.333,6.663278592740772,0.0,3,-0.0317800849058971,1,0.37044237688671244,13.510406822573717,0.15866782907237148,5.988809300584569,,,,
ec_pre,pooled,0.333,6.663278592740772,0.5,3,0.7906392207444267,1,0.3755454250545294,13.577722051002956,0.16042553158740702,6.031986522801004,,,,
ec_pre,pooled,0.333,6.663278592740772,1.0,3,1.5740874842956372,1,0.3805603321514714,13.585157887855093,0.1621659119913041,6.168572143068078,,,,
ec_pre,pooled,0.333,6.663278592740772,1.5,3,2.3167317707212454,1,0.3855645586804125,13.628228740553233,0.16393015538168496,6.417815853876155,,,,
ec_pre,pooled,1.0,19.989835778222318,0.0,3,0.10237375695161285,1,0.37035005853061687,40.531220467721155,0.1561204612681677,18.485299829160134,,,,
ec_pre,pooled,1.0,19.989835778222318,0.5,3,0.8766848174563713,1,0.3818820598286372,40.73316615300887,0.16002954882853587,18.60748972597052,,,,
ec_pre,pooled,1.0,19.989835778222318,1.0,3,1.5905801089809337,1,0.3930515205047838,40.75547366356528,0.16390189984706513,19.00077006466453,,,,
ec_pre,pooled,1.0,19.989835778222318,1.5,3,2.245967397767798,1,0.4039789354076663,40.884686221659706,0.1677987831448086,19.720823476578886,,,,
ec_pre,pooled,3.0,59.96950733466696,0.0,3,0.26021370077525485,1,0.36776896798680264,121.59366140316348,0.1511754396591277,53.76764162551295,,,,
ec_pre,pooled,3.0,59.96950733466696,0.5,3,1.004874369956501,1,0.39037391621894013,122.19949845902661,0.15883554000799266,54.091154033825674,,,,
ec_pre,pooled,3.0,59.96950733466696,1.0,3,1.6507176598260231,1,0.41181422800596384,122.26642099069585,0.1663993038632895,55.17678657043132,,,,
ec_pre,pooled,3.0,59.96950733466696,1.5,3,2.211746487793059,1,0.432258640418569,122.65405866497912,0.17394550769279526,57.180018601946834,,,,
ec_pre,synthetic,0.333,6.663278592740772,0.0,3,0.06444453527375057,1,0.16374160394311524,6.536266149353022,0.15781287797059948,6.248465648184137,,,,
ec_pre,synthetic,0.333,6.663278592740772,0.5,3,0.5774940080264348,1,0.16438406915838583,6.552104344662118,0.15826605340813504,6.267154804620381,,,,
ec_pre,synthetic,0.333,6.663278592740772,1.0,3,1.0775080101827876,1,0.1650118006299708,6.541589323724132,0.15869699668267037,6.3452086528192755,,,,
ec_pre,synthetic,0.333,6.663278592740772,1.5,3,1.5540004685909183,1,0.165641250978492,6.5430785498169035,0.15912632695613288,6.488560117128011,,,,
ec_pre,synthetic,1.0,19.989835778222318,0.0,3,0.10909663222090832,1,0.1617054667350734,19.60879844805907,0.1562523504890329,18.682942076105245,,,,
ec_pre,synthetic,1.0,19.989835778222318,0.5,3,0.6179627484412481,1,0.16347093035349303,19.656313033986358,0.1574827386207077,18.737635720335962,,,,
ec_pre,synthetic,1.0,19.989835778222318,1.0,3,1.1134098652710767,1,0.16520450158749658,19.624767971172396,0.15866901645849874,18.967447048433918,,,,
ec_pre,synthetic,1.0,19.989835778222318,1.5,3,1.585639273129849,1,0.16694211272854145,19.629235649450713,0.1598528245009734,19.389733990937675,,,,
ec_pre,synthetic,3.0,59.96950733466696,0.0,3,0.21061428161955995,1,0.15730561890707603,58.8263953441772,0.15245614456599843,54.81503061580986,,,,
ec_pre,synthetic,3.0,59.96950733466696,0.5,3,0.7198887377610826,1,0.16166274329161037,58.96893910195908,0.15545947809438854,54.9672188188893,,,,
ec_pre,synthetic,3.0,59.96950733466696,1.0,3,1.2029227372980547,1,0.16597482348523612,58.87430391351718,0.1584037124336607,55.62412841719661,,,,
ec_pre,synthetic,3.0,59.96950733466696,1.5,3,1.6535672252541727,1,0.17029594734918152,58.88770694835213,0.1613478549245304,56.83511721977399,,,,
ec_pre,inband,0.333,6.663278592740772,0.0,4,-0.1648098510710761,1,0.36944966568109916,6.4866244355523826,0.1595376348306977,2.997719758154458,,,,
ec_pre,inband,0.333,6.663278592740772,0.5,4,0.3341284463011093,1,0.37054247807849033,6.5156040304160365,0.16001370377748955,3.0470171987619348,,,,
ec_pre,inband,0.333,6.663278592740772,1.0,4,0.8569222065465368,1,0.37172463754611645,6.528646094730522,0.16050736791725265,3.1901647712962693,,,,
ec_pre,inband,0.333,6.663278592740772,1.5,4,1.4071060413259946,1,0.37306791902637054,6.544640643818259,0.16105951954460196,3.4447127438447844,,,,
ec_pre,inband,1.0,19.989835778222318,0.0,4,0.032522552007611776,1,0.36941211372822785,19.45987330665715,0.15802697733582807,9.802215409881999,,,,
ec_pre,inband,1.0,19.989835778222318,0.5,4,0.487907791806099,1,0.3721573036347214,19.546812091248114,0.15920353641498056,9.946615379833325,,,,
ec_pre,inband,1.0,19.989835778222318,1.0,4,0.9845642913785875,1,0.37513597602765436,19.58593828419157,0.16044907018443852,10.366684676881452,,,,
ec_pre,inband,1.0,19.989835778222318,1.5,4,1.530564311728842,1,0.3784855645486304,19.63392193145478,0.16184339766027842,11.113625488481413,,,,
ec_pre,inband,3.0,59.96950733466696,0.0,4,0.17357761894791257,1,0.36805933747523784,58.37961991997145,0.1548373388315428,29.442626495553164,,,,
ec_pre,inband,3.0,59.96950733466696,0.5,4,0.6342260853037677,1,0.37423586240846163,58.640436273744335,0.1574407920521918,29.853562654552196,,,,
ec_pre,inband,3.0,59.96950733466696,1.0,4,1.1598677958916854,1,0.38109034043528056,58.757814852574704,0.16028773627870896,31.055739262809613,,,,
ec_pre,inband,3.0,59.96950733466696,1.5,4,1.7520208863288382,1,0.38881359178494157,58.90176579436434,0.1635018359188946,33.19455021601255,,,,
ec_pre,pooled,0.333,6.663278592740772,0.0,4,-0.021064870519186867,1,0.3694963578535183,13.30264474431258,0.15871019348136473,6.077645309792857,,,,
ec_pre,pooled,0.333,6.663278592740772,0.5,4,0.8298832938090331,1,0.3743981161184479,13.329630138296853,0.16035303371962786,6.115903539428477,,,,
ec_pre,pooled,0.333,6.663278592740772,1.0,4,1.643263775727417,1,0.37922984006150484,13.365407603710315,0.1619820488765193,6.230935042269804,,,,
ec_pre,pooled,0.333,6.663278592740772,1.5,4,2.422461167201259,1,0.38406666948866974,13.378077577774011,0.16363599917410418,6.431856439204626,,,,
ec_pre,pooled,1.0,19.989835778222318,0.0,4,0.12347655432430896,1,0.3686788370590911,39.90793423293775,0.156233445443555,18.74446165508069,,,,
ec_pre,pooled,1.0,19.989835778222318,0.5,4,0.921551546494205,1,0.37981766634538267,39.98889041489056,0.15993202280033608,18.852565608619397,,,,
ec_pre,pooled,1.0,19.989835778222318,1.0,4,1.6607545082782982,1,0.3906362609939163,40.09622281113094,0.16359913022777792,19.183154813928905,,,,
ec_pre,pooled,1.0,19.989835778222318,1.5,4,2.346074276735756,1,0.4012516245226157,40.13423273332204,0.1672940401176625,19.762373815231328,,,,
ec_pre,pooled,3.0,59.96950733466696,0.0,4,0.28993149526410167,1,0.3652339631522193,119.72380269881324,0.1513661044626793,54.497278341608705,,,,
ec_pre,pooled,3.0,59.96950733466696,0.5,4,1.0570924794382872,1,0.38724679029768877,119.96667124467167,0.1587163432938412,54.782116389863425,,,,
ec_pre,pooled,3.0,59.96950733466696,1.0,4,1.7247218811409128,1,0.40817624642200867,120.28866843339284,0.16597278996155002,55.69082506751335,,,,
ec_pre,pooled,3.0,59.96950733466696,1.5,4,2.308572546127944,1,0.42818614206303346,120.40269819996612,0.17321363948489513,57.29548746738678,,,,
ec_pre,synthetic,0.333,6.663278592740772,0.0,4,0.0634837086314193,1,0.16017026043147972,6.5483880381361015,0.15895995093877005,6.3229194390558785,,,,
ec_pre,synthetic,0.333,6.663278592740772,0.5,4,0.5762325037694811,1,0.16077051353224708,6.532551361604902,0.1593670120286593,6.3491369515480285,,,,
ec_pre,synthetic,0.333,6.663278592740772,1.0,4,1.0665005459467358,1,0.16135640855201375,6.528646094730521,0.1597587599643802,6.425682368811432,,,,
ec_pre,synthetic,0.333,6.663278592740772,1.5,4,1.5350699787379087,1,0.1619429157642538,6.5281516710187315,0.1601517121925265,6.559308540273029,,,,
ec_pre,synthetic,1.0,19.989835778222318,0.0,4,0.10487529541433746,1,0.15814715311252378,19.645164114408303,0.15750709891851766,18.901422957761195,,,,
ec_pre,synthetic,1.0,19.989835778222318,0.5,4,0.6137505544962925,1,0.15980833965142177,19.597654084814703,0.1586312617887821,18.978449172472946,,,,
ec_pre,synthetic,1.0,19.989835778222318,1.0,4,1.1015394686222695,1,0.16143727541918473,19.585938284191567,0.15972139070512287,19.20386202375981,,,,
ec_pre,synthetic,1.0,19.989835778222318,1.5,4,1.5681068287822224,1,0.1630676003549103,19.584455013056196,0.16081467980127107,19.597480428415825,,,,
ec_pre,synthetic,3.0,59.96950733466696,0.0,4,0.20501700770033268,1,0.1537131986129369,58.93549234322492,0.15388993887604155,55.44181274222145,,,,
ec_pre,synthetic,3.0,59.96950733466696,0.5,4,0.7141139166645023,1,0.1578579594878651,58.79296225444412,0.1566973590630415,55.65928607436422,,,,
ec_pre,synthetic,3.0,59.96950733466696,1.0,4,1.1926307076188845,1,0.16195459207256818,58.75781485257471,0.15945146040295002,56.303576611802136,,,,
ec_pre,synthetic,3.0,59.96950733466696,1.5,4,1.6411972814814026,1,0.16605575918282242,58.7533650391686,0.16221276224394213,57.431238777497704,,,,
eo_pre,inband,0.333,0.4967651278828873,0.0,0,,0,0.35407512849034084,0.48535603804544564,0.1497173106545183,-0.11066501319983157,,,,
eo_pre,inband,0.333,0.4967651278828873,0.5,0,,0,0.3541657360012821,0.4850939655385588,0.14975019188064662,-0.10776766978564123,,,,
eo_pre,inband,0.333,0.4967651278828873,1.0,0,,0,0.3542677772969517,0.4858643130821792,0.14978476701464072,-0.09487302605520577,,,,
eo_pre,inband,0.333,0.4967651278828873,1.5,0,,0,0.3543896590279102,0.490520936881379,0.14982526606779992,-0.07058289386928349,,,,
eo_pre,inband,1.0,1.4902953836486619,0.0,0,,0,0.354301044412197,1.4560681141363367,0.14959257103634088,0.4518062113076002,,,,0.98
eo_pre,inband,1.0,1.4902953836486619,0.5,0,-0.4383668288562442,1,0.3545617117282679,1.4552818966156766,0.14968764279981628,0.46047704743301826,0.14961386701471213,-0.7590254731084569,-0.09033537596010821,0.0
eo_pre,inband,1.0,1.4902953836486619,1.0,0,0.4308615051749079,1,0.3548525715152943,1.4575929392465377,0.14978777136182606,0.4990739594884162,0.12191818331740585,0.17772433558199202,0.6234516728410378,0.0
eo_pre,inband,1.0,1.4902953836486619,1.5,0,1.1801678268087326,1,0.35519465282666257,1.471562810644137,0.14990441183729836,0.5717739838388405,0.15877232150538678,0.8295397920436224,1.411892786889002,0.0
eo_pre,inband,3.0,4.470886150945986,0.0,0,-0.1501994373106119,1,0.35480741295622464,4.368204342409011,0.14924993534460085,2.1318689001388753,,,,
eo_pre,inband,3.0,4.470886150945986,0.5,0,0.3108673616400532,1,0.35552383706482926,4.3658456898470295,0.14951307344152726,2.1576954564190034,,,,
eo_pre,inband,3.0,4.470886150945986,1.0,0,0.7889291202134763,1,0.35631350578893195,4.372778817739613,0.14979171044934195,2.27277423779122,,,,
eo_pre,inband,3.0,4.470886150945986,1.5,0,1.287548714552841,1,0.35722182329400537,4.414688431932411,0.15011393807289058,2.489499342666119,,,,
eo_pre,pooled,0.333,0.4967651278828873,0.0,0,,0,0.3541707318704485,0.8895577533483205,0.1496682902941734,0.08397418165955893,,,,
eo_pre,pooled,0.333,0.4967651278828873,0.5,0,,0,0.35459298800419625,0.8916308219105622,0.14980330323310245,0.08870088426686147,,,,
eo_pre,pooled,0.333,0.4967651278828873,1.0,0,2.2519334754944063,1,0.3550210750057972,0.8939657125520543,0.1499390454664258,0.10250276632094948,,,,
eo_pre,pooled,0.333,0.4967651278828873,1.5,0,,0,0.35546528322488274,0.8918252635002143,0.15008102826587372,0.1281968256465642,,,,
eo_pre,pooled,1.0,1.4902953836486619,0.0,0,-0.41987215964650654,1,0.3545251164873063,2.6686732600449616,0.14945534884776648,1.0338997065266955,,,,
eo_pre,pooled,1.0,1.4902953836486619,0.5,0,0.7558302798040322,1,0.35572253666097065,2.674892465731687,0.14983617638291064,1.0480112121413645,,,,
eo_pre,pooled,1.0,1.4902953836486619,1.0,0,1.787730989532879,1,0.3569311437872006,2.681897137656163,0.15021929080023186,1.089248349122981,,,,
eo_pre,pooled,1.0,1.4902953836486619,1.5,0,2.702924911085335,1,0.35817636530390373,2.6754757905006437,0.15061859965202581,1.166021259674832,,,,
eo_pre,pooled,3.0,4.470886150945986,0.0,0,-0.008707716931433884,1,0.3552137160596732,8.006019780134885,0.14889233633492688,3.863345245055534,,,,
eo_pre,pooled,3.0,4.470886150945986,0.5,0,0.8938349944559819,1,0.35840830814026703,8.02467739719506,0.14990056606763602,3.9051048353034763,,,,
eo_pre,pooled,3.0,4.470886150945986,1.0,0,1.7276262118587278,1,0.36160635061541174,8.045691412968488,0.15091477398842457,4.027454583266438,,,,
eo_pre,pooled,3.0,4.470886150945986,1.5,0,2.495539624501376,1,0.3648608060560356,8.02642737150193,0.15196491663723238,4.255328671849911,,,,
eo_pre,synthetic,0.333,0.4967651278828873,0.0,0,-0.2929617880225879,1,0.14960502534613054,0.48700867529830266,0.14955516399909788,0.40917476785589196,,,,
eo_pre,synthetic,0.333,0.4967651278828873,0.5,0,0.5014268918574895,1,0.14965113049201026,0.4872005122843237,0.14958605118623652,0.4123251856216543,,,,
eo_pre,synthetic,0.333,0.4967651278828873,1.0,0,1.020071132005641,1,0.14969618746502766,0.48586431308217926,0.14961577160059203,0.4209367698377299,,,,
eo_pre,synthetic,0.333,0.4967651278828873,1.5,0,1.4329987984758192,1,0.14974130806571426,0.48579192688899364,0.1496455752223205,0.43675619230594853,,,,
eo_pre,synthetic,1.0,1.4902953836486619,0.0,0,-0.10618348810035834,1,0.14942112545379324,1.4610260258949082,0.14943316251114913,1.334026803563677,,,,
eo_pre,synthetic,1.0,1.4902953836486619,0.5,0,0.49519149929524375,1,0.149558198280295,1.4616015368529713,0.14952503340793505,1.343464618543759,,,,
eo_pre,synthetic,1.0,1.4902953836486619,1.0,0,1.0189538883490314,1,0.14969223676645124,1.4575929392465379,0.14961351911665635,1.369262227519809,,,,
eo_pre,synthetic,1.0,1.4902953836486619,1.5,0,1.4866939265703722,1,0.14982647432682783,1.4573757806669811,0.14970225778831395,1.4166506467953868,,,,
eo_pre,synthetic,3.0,4.470886150945986,0.0,0,-0.05722724196403251,1,0.14889203864898562,4.383078077684724,0.1490757262671864,4.100705268438619,,,,
eo_pre,synthetic,3.0,4.470886150945986,0.5,0,0.5065393021819282,1,0.14929288398524138,4.384804610558912,0.14934466970278606,4.128897824330959,,,,
eo_pre,synthetic,3.0,4.470886150945986,1.0,0,1.0299901766346728,1,0.14968550652497556,4.372778817739613,0.14960438132643566,4.2059618276191175,,,,
eo_pre,synthetic,3.0,4.470886150945986,1.5,0,1.5183566827266186,1,0.15007879717583955,4.372127342000943,0.1498648809445883,4.3475117623295665,,,,
eo_pre,inband,0.333,0.4967651278828873,0.0,1,,0,0.3539943338294985,0.5052942444867484,0.14970118674989033,-0.09076839221170505,,,,
eo_pre,inband,0.333,0.4967651278828873,0.5,1,,0,0.3540794525929196,0.5070608321462212,0.14973632749828605,-0.08674877043377498,,,,
eo_pre,inband,0.333,0.4967651278828873,1.0,1,,0,0.3541754201981485,0.5085670471583068,0.14977319310041792,-0.07087114587351478,,,,
eo_pre,inband,0.333,0.4967651278828873,1.5,1,,0,0.35429107738946486,0.5108001943963352,0.1498170791375476,-0.04074910474017191,,,,
eo_pre,inband,1.0,1.4902953836486619,0.0,1,,0,0.3540860666281765,1.5158827334602454,0.14954766173720174,0.5113214891383516,,,,
eo_pre,inband,1.0,1.4902953836486619,0.5,1,-0.487496570393854,1,0.3543344423234199,1.5211824964386633,0.1496498770203544,0.5233416891382882,,,,
eo_pre,inband,1.0,1.4902953836486619,1.0,1,0.4067344717123568,1,0.3546118510177726,1.5257011414749204,0.14975746370686308,0.5708448006906872,,,,
eo_pre,inband,1.0,1.4902953836486619,1.5,1,1.1808677017453812,1,0.3549405849093336,1.5324005831890057,0.14988465664005526,0.6609566696526691,,,,
eo_pre,inband,3.0,4.470886150945986,0.0,1,-0.18435371224262195,1,0.35429176706112464,4.547648200380736,0.14913440472003645,2.3089915500717235,,,,
eo_pre,inband,3.0,4.470886150945986,0.5,1,0.2789746284207935,1,0.35498541467341727,4.56354748931599,0.14941846974326964,2.3447262609830957,,,,
eo_pre,inband,3.0,4.470886150945986,1.0,1,0.7683217512071743,1,0.35575141241055114,4.577103424424762,0.14972009746583764,2.4861967226315986,,,,
eo_pre,inband,3.0,4.470886150945986,1.5,1,1.2867455234742982,1,0.35663953365821566,4.597201749567017,0.15007326486997066,2.754545479026596,,,,
eo_pre,pooled,0.333,0.4967651278828873,0.0,1,,0,0.3540449253067558,0.9252324417873676,0.14964329091858605,0.10244996450693712,,,,
eo_pre,pooled,0.333,0.4967651278828873,0.5,1,,0,0.35447443576926524,0.9251001620566076,0.14978225360740444,0.10952229274956254,,,,
eo_pre,pooled,0.333,0.4967651278828873,1.0,1,2.1729734039622755,1,0.3549079207751377,0.9233828724520824,0.14992183827845698,0.1284954735504082,,,,
eo_pre,pooled,0.333,0.4967651278828873,1.5,1,,0,0.3553561830547524,0.9249414616999112,0.1500684409609758,0.1651033486417088,,,,
eo_pre,pooled,1.0,1.4902953836486619,0.0,1,-0.4644009253131241,1,0.3542048428064292,2.7756973253621027,0.14938701195366236,1.0890360791819456,,,,
eo_pre,pooled,1.0,1.4902953836486619,0.5,1,0.7407088289643626,1,0.3554242448214198,2.775300486169823,0.14978018629620057,1.110148641633243,,,,
eo_pre,pooled,1.0,1.4902953836486619,1.0,1,1.7729520859872143,1,0.3566505627797637,2.7701486173562473,0.1501755730420747,1.166825855215444,,,,
eo_pre,pooled,1.0,1.4902953836486619,1.5,1,2.6688909553757267,1,0.3579107245540637,2.774824385099734,0.15058928026696,1.276196889175892,,,,
eo_pre,pooled,3.0,4.470886150945986,0.0,1,-0.03951094565884459,1,0.3544965410284671,8.327091976086308,0.14872583370295395,4.0264117952174185,,,,
eo_pre,pooled,3.0,4.470886150945986,0.5,1,0.8813424504807924,1,0.3577563056654228,8.32590145850947,0.14976921910734153,4.088876676945958,,,,
eo_pre,pooled,3.0,4.470886150945986,1.0,1,1.7213259596750905,1,0.3610118387779237,8.310445852068742,0.150819519347777,4.256959528282404,,,,
eo_pre,pooled,3.0,4.470886150945986,1.5,1,2.4838316298658185,1,0.36431961550669495,8.3244731552992,0.15191068169760555,4.581496193624162,,,,
eo_pre,synthetic,0.333,0.4967651278828873,0.0,1,-0.19831421050409878,1,0.1599708783068802,0.5075807180921746,0.1537255584145126,0.44028244463713245,,,,
eo_pre,synthetic,0.333,0.4967651278828873,0.5,1,0.46937822168855947,1,0.16001779473251246,0.5084598716400397,0.15376020212784305,0.44043093834246716,,,,
eo_pre,synthetic,0.333,0.4967651278828873,1.0,1,0.9705833948855439,1,0.160063290531413,0.5085670471583068,0.1537918769867552,0.4487552250579211,,,,
eo_pre,synthetic,0.333,0.4967651278828873,1.5,1,1.3813462730178698,1,0.16010868705507889,0.5090247065474851,0.1538229014596149,0.4659593544503094,,,,
eo_pre,synthetic,1.0,1.4902953836486619,0.0,1,-0.07658083510834135,1,0.15977963069759027,1.5227421542765238,0.15359006057796226,1.4228996019835576,,,,
eo_pre,synthetic,1.0,1.4902953836486619,0.5,1,0.4659196766716317,1,0.15991908547715414,1.5253796149201189,0.1536928238331529,1.4233434409363974,,,,
eo_pre,synthetic,1.0,1.4902953836486619,1.0,1,0.9666858046115002,1,0.16005447846744258,1.52570114147492,0.15378706158089644,1.4482789110251855,,,,
eo_pre,synthetic,1.0,1.4902953836486619,1.5,1,1.4279516752780055,1,0.16018961583112212,1.527074119642455,0.1538794120984101,1.4998132424106538,,,,
eo_pre,synthetic,3.0,4.470886150945986,0.0,1,-0.03904814161367991,1,0.15922953773261772,4.568226462829571,0.15319602797140933,4.36189779699105,,,,
eo_pre,synthetic,3.0,4.470886150945986,0.5,1,0.4763585044125,1,0.15963728575443925,4.576138844760356,0.15349490006958416,4.363209720830779,,,,
eo_pre,synthetic,3.0,4.470886150945986,1.0,1,0.9757456449193784,1,0.16003427475094467,4.577103424424761,0.15377100995660345,4.437684875146112,,,,
eo_pre,synthetic,3.0,4.470886150945986,1.5,1,1.455669073686443,1,0.16043077438774747,4.5812223589273655,0.1540419360071083,4.59160109499916,,,,
eo_pre,inband,0.333,0.4967651278828873,0.0,2,,0,0.35403195072924815,0.49221728825781674,0.14970237296131592,-0.09080687251519508,,,,
eo_pre,inband,0.333,0.4967651278828873,0.5,2,,0,0.3541210463269858,0.4936338800538107,0.14974052881384492,-0.08779736584100997,,,,
eo_pre,inband,0.333,0.4967651278828873,1.0,2,,0,0.354220701540154,0.49531376812151506,0.1497800364860711,-0.07311852877692561,,,,
eo_pre,inband,0.333,0.4967651278828873,1.5,2,,0,0.3543398032686093,0.4954613652729189,0.14982603951654758,-0.04469975107305128,,,,
eo_pre,inband,1.0,1.4902953836486619,0.0,2,,0,0.35417484306117714,1.4766518647734501,0.14955007384508195,0.51123839860938,,,,
eo_pre,inband,1.0,1.4902953836486619,0.5,2,-0.41954968663635744,1,0.3544344479232315,1.4809016401614319,0.14966038945562438,0.5202352751159457,,,,
eo_pre,inband,1.0,1.4902953836486619,1.0,2,0.44958954165932374,1,0.35472134110700426,1.4859413043645449,0.14977475113116473,0.5641606967508317,,,,
eo_pre,inband,1.0,1.4902953836486619,1.5,2,1.22660184358033,1,0.35505774574525756,1.4863840958187564,0.14990687376962097,0.6491975653391199,,,,
eo_pre,inband,3.0,4.470886150945986,0.0,2,-0.22097534853435236,1,0.3544579242471249,4.429955594320351,0.14913884511312872,2.308997952053903,,,,
eo_pre,inband,3.0,4.470886150945986,0.5,2,0.2704420315940103,1,0.3551814421905218,4.442704920484296,0.14944222547887331,2.335740387331533,,,,
eo_pre,inband,3.0,4.470886150945986,1.0,2,0.7851224009421525,1,0.3559710863500559,4.457823913093634,0.14975925968516177,2.4666178141768147,,,,
eo_pre,inband,3.0,4.470886150945986,1.5,2,1.3260412335237761,1,0.3568767698341927,4.45915228745627,0.1501226309750368,2.7199840908526376,,,,
eo_pre,pooled,0.333,0.4967651278828873,0.0,2,,0,0.3540909239087048,0.8995859909736926,0.14964445717389988,0.10444334063421923,,,,
eo_pre,pooled,0.333,0.4967651278828873,0.5,2,,0,0.3545095373765089,0.8971123627062076,0.14978665406837802,0.10809906607452088,,,,
eo_pre,pooled,0.333,0.4967651278828873,1.0,2,2.11107269664096,1,0.3549322568962751,0.8965613908256761,0.1499287476630806,0.12113322155552413,,,,
eo_pre,pooled,0.333,0.4967651278828873,1.5,2,,0,0.35536983559172813,0.9002287251701243,0.15007702891802704,0.14551698435427057,,,,
eo_pre,pooled,1.0,1.4902953836486619,0.0,2,-0.48454805042640375,1,0.3542983541054884,2.698757972921078,0.14939095670195734,1.0950534430743508,,,,
eo_pre,pooled,1.0,1.4902953836486619,0.5,2,0.6843414694179683,1,0.35549260455687703,2.691337088118623,0.14979237752940056,1.1059587346089412,,,,
eo_pre,pooled,1.0,1.4902953836486619,1.0,2,1.7340470030298274,1,0.3566941427322793,2.689684172477028,0.15019405348618145,1.1448911304883782,,,,
eo_pre,pooled,1.0,1.4902953836486619,1.5,2,2.666245021145442,1,0.35792955507700425,2.700686175510373,0.15061175006064037,1.21773095972324,,,,
eo_pre,pooled,3.0,4.470886150945986,0.0,2,-0.07973891053308384,1,0.35461879140890956,8.096273918763234,0.1487372282434482,4.044797587771332,,,,
eo_pre,pooled,3.0,4.470886150945986,0.5,2,0.8347790256758694,1,0.3578217351907222,8.07401126435587,0.14979706811501717,4.076985953493765,,,,
eo_pre,pooled,3.0,4.470886150945986,1.0,2,1.6894438738563022,1,0.3610207747352377,8.069052517431084,0.15085889696319546,4.192407875217925,,,,
eo_pre,pooled,3.0,4.470886150945986,1.5,2,2.4773769480679113,1,0.3642712476340862,8.102058526531119,0.15195597912936176,4.408451046985359,,,,
eo_pre,synthetic,0.333,0.4967651278828873,0.0,2,-0.03127911380817303,1,0.1500998941867887,0.4950288168557484,0.14797336669182104,0.4288204693886654,,,,
eo_pre,synthetic,0.333,0.4967651278828873,0.5,2,0.6253449567048416,1,0.1501476228634393,0.49489139946743116,0.14800633267323404,0.4317789688483307,,,,
eo_pre,synthetic,0.333,0.4967651278828873,1.0,2,1.1157986915480946,1,0.15019433497242024,0.495313768121515,0.1480381850936424,0.44130274781935275,,,,
eo_pre,synthetic,0.333,0.4967651278828873,1.5,2,1.5270567703518065,1,0.15024126444835653,0.4951027567725578,0.14807023615307582,0.4585797066135856,,,,
eo_pre,synthetic,1.0,1.4902953836486619,0.0,2,0.02787102307587899,1,0.1499202870889901,1.4850864505672456,0.1478488376891147,1.3965447301718523,,,,
eo_pre,synthetic,1.0,1.4902953836486619,0.5,2,0.5814243374824807,1,0.15006222950784232,1.4846741984022935,0.14794678866037372,1.4054080768389507,,,,
eo_pre,synthetic,1.0,1.4902953836486619,1.0,2,1.0926144552864652,1,0.15020121704324474,1.4859413043645449,0.14804151347836347,1.4339368579927192,,,,
eo_pre,synthetic,1.0,1.4902953836486619,1.5,2,1.5698551867905939,1,0.15034082556695574,1.4853082703176732,0.1481368149360724,1.4856877213729376,,,,
eo_pre,synthetic,3.0,4.470886150945986,0.0,2,0.053288539756020985,1,0.14940229154361268,4.455259351701737,0.14748511274566894,4.291091777523859,,,,
eo_pre,synthetic,3.0,4.470886150945986,0.5,2,0.5799922647827751,1,0.14981762951741354,4.454022595206881,0.1477710872760917,4.317571045502175,,,,
eo_pre,synthetic,3.0,4.470886150945986,1.0,2,1.0941002581876715,1,0.15022485943802896,4.457823913093634,0.148048271451758,4.402780885707711,,,,
eo_pre,synthetic,3.0,4.470886150945986,1.5,2,1.5954098171611868,1,0.15063373039031572,4.45592481095302,0.14832704267688887,4.557329619084228,,,,
eo_pre,inband,0.333,0.4967651278828873,0.0,3,,0,0.35402001105588676,0.488387679603067,0.14971342898626713,-0.1062559180241352,,,,
eo_pre,inband,0.333,0.4967651278828873,0.5,3,,0,0.3541084227252679,0.49115164016465956,0.14974696200651902,-0.10339761407048235,,,,
eo_pre,inband,0.333,0.4967651278828873,1.0,3,,0,0.354207098044626,0.4928923437626078,0.1497811025187599,-0.08984754741878456,,,,
eo_pre,inband,0.333,0.4967651278828873,1.5,3,,0,0.3543241321132369,0.49394729185580216,0.14981988424518208,-0.06408771327756771,,,,
eo_pre,inband,1.0,1.4902953836486619,0.0,3,,0,0.35415161873148626,1.4651630388092012,0.14958083735241745,0.4650129026808621,,,,
eo_pre,inband,1.0,1.4902953836486619,0.5,3,-0.5394417247096279,1,0.3544069383550485,1.4734549204939789,0.14967816932272612,0.4735700393062384,,,,
eo_pre,inband,1.0,1.4902953836486619,1.0,3,0.3932464671145322,1,0.35469012903001784,1.4786770312878232,0.14977762628309904,0.5141276013759127,,,,
eo_pre,inband,1.0,1.4902953836486619,1.5,3,1.188973047175314,1,0.3550223056614413,1.4818418755674063,0.14989032024849164,0.5912198234617435,,,,
eo_pre,inband,3.0,4.470886150945986,0.0,3,-0.16651965380802533,1,0.3544356128311424,4.395489116427603,0.14921632341931135,2.171286301301783,,,,
eo_pre,inband,3.0,4.470886150945986,0.5,3,0.30172236145384707,1,0.3551389772271695,4.420364761481936,0.14948648440195667,2.1967925589513424,,,,
eo_pre,inband,3.0,4.470886150945986,1.0,3,0.7917587791740478,1,0.3559130156279265,4.43603109386347,0.1497653358871039,2.317698377239244,,,,
eo_pre,inband,3.0,4.470886150945986,1.5,3,1.3043795337485964,1,0.3568066819253859,4.445525626702219,0.15008052111189982,2.5474512283920934,,,,
eo_pre,pooled,0.333,0.4967651278828873,0.0,3,,0,0.3540873447937904,0.8948503421437539,0.1496646565290532,0.07840891056092067,,,,
eo_pre,pooled,0.333,0.4967651278828873,0.5,3,,0,0.35450050649912335,0.8980530123289143,0.1497967872995763,0.08525318576185495,,,,
eo_pre,pooled,0.333,0.4967651278828873,1.0,3,2.452065727056086,1,0.35491787684732723,0.8965313611526966,0.14992860903433564,0.10305008028260652,,,,
eo_pre,pooled,0.333,0.4967651278828873,1.5,3,,0,0.3553495868644333,0.8963627916405243,0.15006550866175028,0.1371164762992535,,,,
eo_pre,pooled,1.0,1.4902953836486619,0.0,3,-0.4779554878206943,1,0.35431366138721826,2.6845510264312624,0.14944449950615446,1.017280097919737,,,,
eo_pre,pooled,1.0,1.4902953836486619,0.5,3,0.7541645222959855,1,0.35548929832064685,2.6941590369867425,0.14981938504092054,1.0377268767151395,,,,
eo_pre,pooled,1.0,1.4902953836486619,1.0,3,1.8481452570560712,1,0.35667244368175594,2.68959408345809,0.15019360719331,1.090913229524508,,,,
eo_pre,pooled,1.0,1.4902953836486619,1.5,3,2.8130020893411483,1,0.35788847167852617,2.689088374921573,0.15058096828992804,1.1927266614815641,,,,
eo_pre,pooled,3.0,4.470886150945986,0.0,3,-0.031233341950872493,1,0.3547304155203457,8.053653079293786,0.14886239071822432,3.813980270389655,,,,
eo_pre,pooled,3.0,4.470886150945986,0.5,3,0.9012617604880463,1,0.35787688430337256,8.082477110960227,0.14986024324096653,3.874589151648753,,,,
eo_pre,pooled,3.0,4.470886150945986,1.0,3,1.7751014198484303,1,0.3610205783605941,8.06878225037427,0.15085699398093422,4.032474167584321,,,,
eo_pre,pooled,3.0,4.470886150945986,1.5,3,2.583893139968074,1,0.3642152196338885,8.06726512476472,0.1518828281264109,4.33480820184418,,,,
eo_pre,synthetic,0.333,0.4967651278828873,0.0,3,-0.12000762287858355,1,0.15207736941722047,0.4937301814231592,0.15081575099049752,0.38943798128490026,,,,
eo_pre,synthetic,0.333,0.4967651278828873,0.5,3,0.6733384158306852,1,0.15212093055906406,0.49377386529195877,0.1508445482004018,0.3933906687849859,,,,
eo_pre,synthetic,0.333,0.4967651278828873,1.0,3,1.1713073220915229,1,0.15216315289820903,0.4928923437626079,0.15087228948403505,0.4083159715785198,,,,
eo_pre,synthetic,0.333,0.4967651278828873,1.5,3,1.5651690129158466,1,0.15220509576536453,0.49211455549095295,0.150900198808689,0.44220033977826506,,,,
eo_pre,synthetic,1.0,1.4902953836486619,0.0,3,-0.038335299617550334,1,0.15189883736990314,1.4811905442694775,0.1507002776670975,1.282110785232204,,,,
eo_pre,synthetic,1.0,1.4902953836486619,0.5,3,0.5767136974823749,1,0.15202856645342136,1.481321595875876,0.15078605223285743,1.293950805541336,,,,
eo_pre,synthetic,1.0,1.4902953836486619,1.0,3,1.1071041719566548,1,0.15215438293681974,1.4786770312878235,0.1508687431912355,1.3386614919462636,,,,
eo_pre,synthetic,1.0,1.4902953836486619,1.5,3,1.5793597514381288,1,0.15227938489454038,1.4763436664728589,0.15095193778034427,1.4401611974599866,,,,
eo_pre,synthetic,3.0,4.470886150945986,0.0,3,-0.011426788220400165,1,0.15138321876029237,4.443571632808433,0.15036110144607676,3.952752093325034,,,,
eo_pre,synthetic,3.0,4.470886150945986,0.5,3,0.560506347269043,1,0.15176423327812474,4.443964787627629,0.15061314824560942,3.988109149953588,,,,
eo_pre,synthetic,3.0,4.470886150945986,1.0,3,1.0938822567187572,1,0.15213436423147775,4.43603109386347,0.15085663440025995,4.121662920805364,,,,
eo_pre,synthetic,3.0,4.470886150945986,1.5,3,1.5953960770405669,1,0.1525022506297607,4.429030999418577,0.1511016245737379,4.424811796079917,,,,
eo_pre,inband,0.333,0.4967651278828873,0.0,4,,0,0.3540468381360732,0.4787853859417783,0.14971809596504113,-0.11284789746713572,,,,
eo_pre,inband,0.333,0.4967651278828873,0.5,4,,0,0.35412940107121316,0.4798668951887176,0.1497502837332756,-0.10927734939883667,,,,
eo_pre,inband,0.333,0.4967651278828873,1.0,4,,0,0.3542215590488817,0.48184119730363684,0.14978490273898004,-0.09565938100096066,,,,
eo_pre,inband,0.333,0.4967651278828873,1.5,4,,0,0.3543307507163501,0.48290012085143313,0.14982619809765635,-0.06988878351206318,,,,
eo_pre,inband,1.0,1.4902953836486619,0.0,4,,0,0.3542223425541959,1.4363561578253348,0.14959448527956568,0.4452491639275024,,,,
eo_pre,inband,1.0,1.4902953836486619,0.5,4,-0.7943808929095975,1,0.35446149413632555,1.4396006855661532,0.1496875985918958,0.4559254578811475,,,,
eo_pre,inband,1.0,1.4902953836486619,1.0,4,0.272504668982398,1,0.3547253194769871,1.4455235919109102,0.14978747788540453,0.4966830391425238,,,,
eo_pre,inband,1.0,1.4902953836486619,1.5,4,1.1246823814099003,1,0.3550334428624115,1.4487003625542996,0.14990542857297887,0.5738127358962128,,,,
eo_pre,inband,3.0,4.470886150945986,0.0,4,-0.25787149770291234,1,0.3545916848906124,4.309068473476005,0.14925313541863403,2.1121213447984997,,,,
eo_pre,inband,3.0,4.470886150945986,0.5,4,0.21752229687784497,1,0.35525372764128194,4.318802056698458,0.14951099787656744,2.1439023403921094,,,,
eo_pre,inband,3.0,4.470886150945986,1.0,4,0.7224596571745919,1,0.3559781409155128,4.336570775732731,0.14978843075743925,2.2653991233101642,,,,
eo_pre,inband,3.0,4.470886150945986,1.5,4,1.2580266662407649,1,0.3568134308108539,4.346101087662898,0.15011320157437041,2.495314207325061,,,,
eo_pre,pooled,0.333,0.4967651278828873,0.0,4,,0,0.3541083124557094,0.8704129402492585,0.1496678056191452,0.07337524267083227,,,,
eo_pre,pooled,0.333,0.4967651278828873,0.5,4,,0,0.35452578534802703,0.8708213061829736,0.14979965890708588,0.07797738328004505,,,,
eo_pre,pooled,0.333,0.4967651278828873,1.0,4,2.230339253190208,1,0.35494730327152874,0.8722347660017177,0.14993265674770756,0.09052482901430195,,,,
eo_pre,pooled,0.333,0.4967651278828873,1.5,4,,0,0.3553831016560919,0.8761283632755366,0.1500719678500922,0.11315601659402512,,,,
eo_pre,pooled,1.0,1.4902953836486619,0.0,4,-0.6050598974310533,1,0.35436427774565993,2.6112388207477757,0.14945530973858473,1.002150656020899,,,,
eo_pre,pooled,1.0,1.4902953836486619,0.5,4,0.6634360124746437,1,0.35554791587771206,2.612463918548921,0.14982804329385416,1.0158806825186175,,,,
eo_pre,pooled,1.0,1.4902953836486619,1.0,4,1.7463878527799097,1,0.35673853258329274,2.6167042980051534,0.15020406638822917,1.053356125430824,,,,
eo_pre,pooled,1.0,1.4902953836486619,1.5,4,2.692008671775014,1,0.3579614432869248,2.6283850898266095,0.15059633492402508,1.1209593863690694,,,,
eo_pre,pooled,3.0,4.470886150945986,0.0,4,-0.10917345510574955,1,0.3547980878731226,7.833716462243327,0.1488918762634932,3.768516011991778,,,,
eo_pre,pooled,3.0,4.470886150945986,0.5,4,0.8298537908816838,1,0.35795758504449504,7.837391755646764,0.1498803887537447,3.8090933079737304,,,,
eo_pre,pooled,3.0,4.470886150945986,1.0,4,1.6920493886729795,1,0.3611122998770098,7.850112894015459,0.15087676908728842,3.920200619190037,,,,
eo_pre,pooled,3.0,4.470886150945986,1.5,4,2.4829041325030716,1,0.3643154996985235,7.885155269479827,0.15190889727530557,4.120740457871282,,,,
eo_pre,synthetic,0.333,0.4967651278828873,0.0,4,-0.06493546644324008,1,0.14605071246701407,0.48121463797289576,0.14730117218488312,0.41529299795625785,,,,
eo_pre,synthetic,0.333,0.4967651278828873,0.5,4,0.6609760185156047,1,0.14609599058528075,0.4810365344669492,0.14733178520571188,0.416857504855232,,,,
eo_pre,synthetic,0.333,0.4967651278828873,1.0,4,1.1733650885240923,1,0.14613990836048615,0.4818411973036367,0.14736117126796766,0.42315325708725543,,,,
eo_pre,synthetic,0.333,0.4967651278828873,1.5,4,1.590606956064138,1,0.14618357353923753,0.48166321521735567,0.14739047543217776,0.4353944525709585,,,,
eo_pre,synthetic,1.0,1.4902953836486619,0.0,4,-0.05595910645357108,1,0.14586686983029767,1.4436439139186876,0.14717020142992573,1.3402331209476586,,,,
eo_pre,synthetic,1.0,1.4902953836486619,0.5,4,0.5408790437603114,1,0.14600161172386128,1.4431096034008477,0.1472612585660454,1.3449201825076382,,,,
eo_pre,synthetic,1.0,1.4902953836486619,1.0,4,1.0879504976020582,1,0.14613241036119795,1.4455235919109104,0.14734876212642856,1.3637810140254432,,,,
eo_pre,synthetic,1.0,1.4902953836486619,1.5,4,1.5906913745384172,1,0.14626248382092857,1.4449896456520672,0.14743603220180596,1.400452656708727,,,,
eo_pre,synthetic,3.0,4.470886150945986,0.0,4,-0.042025202420944305,1,0.1453356412426641,4.330931741756062,0.14678687458912262,4.107188575656039,,,,
eo_pre,synthetic,3.0,4.470886150945986,0.5,4,0.5173809542529841,1,0.14573062358588307,4.329328810202543,0.14705349472274218,4.121190629638508,,,,
eo_pre,synthetic,3.0,4.470886150945986,1.0,4,1.0671321376149832,1,0.14611485972714922,4.336570775732731,0.14731043887239886,4.177538988964866,,,,
eo_pre,synthetic,3.0,4.470886150945986,1.5,4,1.601301092853643,1,0.14649717872890775,4.334968936956201,0.14756677642104554,4.287096031776582,,,,
ec_post,inband,0.333,7.068421485861546,0.0,0,-0.1562762704499643,1,0.4836881896540627,6.9988624692826065,0.21273305575113163,3.2996124551239285,,,,
ec_post,inband,0.333,7.068421485861546,0.5,0,0.27145021731762803,1,0.4848893747183488,7.052668546614156,0.21348898154462492,3.355954387213327,,,,
ec_post,inband,0.333,7.068421485861546,1.0,0,0.7016725873223582,1,0.4861580710102923,7.0702220283563975,0.21419288669112216,3.5425681093276125,,,,
ec_post,inband,0.333,7.068421485861546,1.5,0,1.1451906573909028,1,0.4875753538066475,7.0524984083793125,0.21492919043784617,3.881037861882014,,,,
ec_post,inband,1.0,21.20526445758464,0.0,0,-0.019788678432480777,1,0.48385849731966546,20.996587407847823,0.2107310799604834,10.645994770679264,0.014366125561621574,-0.04352699415652699,0.011302384759454137,0.0
ec_post,inband,1.0,21.20526445758464,0.5,0,0.38554897693699747,1,0.4867946234081426,21.158005639842465,0.21249046399614815,10.810429716953248,0.022472401951345224,0.3420231041971548,0.4284762924192225,0.0
ec_post,inband,1.0,21.20526445758464,1.0,0,0.8038501114254208,1,0.48988112837729686,21.210666085069192,0.2141962245855372,11.357021080152569,0.0323251851677525,0.7262655086881137,0.8675144465685218,0.0
ec_post,inband,1.0,21.20526445758464,1.5,0,1.2494884614614439,1,0.49326303442140207,21.15749522513794,0.2159925769858552,12.348369243593611,0.04641492605727074,1.1778838970636432,1.3285331481280391,0.0
ec_post,inband,3.0,63.61579337275392,0.0,0,0.06803493384121465,1,0.4822064040013559,62.989762223543465,0.2067269958008442,31.79432132926647,,,,
ec_post,inband,3.0,63.61579337275392,0.5,0,0.4772097791067362,1,0.488646079258399,63.47401691952741,0.2103806915306964,32.25872793849501,,,,
ec_post,inband,3.0,63.61579337275392,1.0,0,0.9166726701456225,1,0.4955124211005685,63.63199825520758,0.214106392430401,33.81776108285151,,,,
ec_post,inband,3.0,63.61579337275392,1.5,0,1.3965221101311855,1,0.5029909208473203,63.47248567541381,0.2180950964063872,36.64735534353228,,,,
ec_post,pooled,0.333,7.068421485861546,0.0,0,-0.06111739713973251,1,0.48392423253334593,14.089760720119141,0.21179652910623017,6.46198579163059,,,,
ec_post,pooled,0.333,7.068421485861546,0.5,0,0.6407061590343831,1,0.4887376023056901,14.062318330492921,0.21394800589218813,6.49891597388566,,,,
ec_post,pooled,0.333,7.068421485861546,1.0,0,1.3291348158106016,1,0.49342784380683774,14.026404118218572,0.21599114670902883,6.656077102682093,,,,
ec_post,pooled,0.333,7.068421485861546,1.5,0,1.9903763336132105,1,0.498100920375068,14.034931127606402,0.2180190978105754,6.940610281140993,,,,
ec_post,pooled,1.0,21.20526445758464,0.0,0,0.036796352553852406,1,0.4832081568757741,42.26928216035742,0.20874369526418285,19.808827496468936,,,,
ec_post,pooled,1.0,21.20526445758464,0.5,0,0.708163871739207,1,0.4939680704912419,42.18695499147876,0.21346119157627075,19.911164302237605,,,,
ec_post,pooled,1.0,21.20526445758464,1.0,0,1.346145646742974,1,0.5042680427599562,42.079212354655716,0.21798972301516772,20.361587210883062,,,,
ec_post,pooled,1.0,21.20526445758464,1.5,0,1.9425467147716284,1,0.514276636767203,42.10479338281921,0.22246325596684063,21.180035256187207,,,,
ec_post,pooled,3.0,63.61579337275392,0.0,0,0.13153153362744538,1,0.47888310745983004,126.80784648107226,0.20303214902424352,57.385986158921064,,,,
ec_post,pooled,3.0,63.61579337275392,0.5,0,0.7875942022727965,1,0.4998912945147751,126.5608649744363,0.2121281615606659,57.64445378909187,,,,
ec_post,pooled,3.0,63.61579337275392,1.0,0,1.3790635709659194,1,0.5195104356932335,126.23763706396714,0.2209318201154103,58.87792801571788,,,,
ec_post,pooled,3.0,63.61579337275392,1.5,0,1.9073021789891027,1,0.5379970151552831,126.31438014845764,0.2295941863948744,61.13885882765114,,,,
ec_post,synthetic,0.333,7.068421485861546,0.0,0,0.008820225198456641,1,0.2419049162896182,7.025326266393057,0.21035805488681222,6.688658778147733,,,,
ec_post,synthetic,0.333,7.068421485861546,0.5,0,0.5543407870664694,1,0.2428161388603841,7.0522788886722285,0.21101139987459552,6.729395089166272,,,,
ec_post,synthetic,0.333,7.068421485861546,1.0,0,1.076787032842374,1,0.24368831111351216,7.0702220283563975,0.21161039425972863,6.865308540237343,,,,
ec_post,synthetic,0.333,7.068421485861546,1.5,0,1.5791080240609205,1,0.2445570964909554,7.060832897393323,0.21220242324586133,7.1130137464222765,,,,
ec_post,synthetic,1.0,21.20526445758464,0.0,0,0.03953604062903718,1,0.2389996573447922,21.07597879917917,0.20817254076691236,19.98381687136586,,,,
ec_post,synthetic,1.0,21.20526445758464,0.5,0,0.5816207230889853,1,0.24148588762779397,21.156836666016687,0.2099308301430694,20.103310565004985,,,,
ec_post,synthetic,1.0,21.20526445758464,1.0,0,1.1003706989457633,1,0.24388021254742942,21.210666085069192,0.21157272050923695,20.503241060450534,,,,
ec_post,synthetic,1.0,21.20526445758464,1.5,0,1.598258422587549,1,0.2462597699989502,21.18249869217997,0.21319789006306814,21.232263181286417,,,,
ec_post,synthetic,3.0,63.61579337275392,0.0,0,0.10466963788911943,1,0.23262958008370668,63.227936397537505,0.20305469963964964,58.55657862758565,,,,
ec_post,synthetic,3.0,63.61579337275392,0.5,0,0.6497885413972563,1,0.23870670434984717,63.47050999805005,0.20727921734671978,58.8921984019363,,,,
ec_post,synthetic,3.0,63.61579337275392,1.0,0,1.158567670062201,1,0.24461008182755412,63.63199825520758,0.2113247716245855,60.03354828153044,,,,
ec_post,synthetic,3.0,63.61579337275392,1.5,0,1.6351165753440098,1,0.25045645650287596,63.547496076539915,0.21533938141691134,62.11884986088617,,,,
ec_post,inband,0.333,7.068421485861546,0.0,1,-0.1609226889353803,1,0.4843095641970155,6.92400634257344,0.21288903080271682,3.1609632811488755,,,,
ec_post,inband,0.333,7.068421485861546,0.5,1,0.2730131146966683,1,0.4855092777591481,6.9288591104342165,0.21359075882572492,3.2185557932751285,,,,
ec_post,inband,0.333,7.068421485861546,1.0,1,0.7066491649004832,1,0.4867792018629347,6.9398915926837255,0.2142396312228071,3.3980212114557538,,,,
ec_post,inband,0.333,7.068421485861546,1.5,1,1.1468006751211495,1,0.4882020697550122,6.953061057195967,0.21492265638761787,3.722087964923681,,,,
ec_post,inband,1.0,21.20526445758464,0.0,1,-0.01232010159212363,1,0.4852744860163414,20.77201902772032,0.21105575809825555,10.24057182242204,,,,
ec_post,inband,1.0,21.20526445758464,0.5,1,0.3959041562341595,1,0.4882209382230392,20.786577331302652,0.21271954773540785,10.408788621110528,,,,
ec_post,inband,1.0,21.20526445758464,1.0,1,0.8133493762809503,1,0.49132473600418214,20.81967477805118,0.2143219831081276,10.934654945025473,,,,
ec_post,inband,1.0,21.20526445758464,1.5,1,1.2525590256726704,1,0.49474081173876316,20.8591831715879,0.21601169753480298,11.884252809524265,,,,
ec_post,inband,3.0,63.61579337275392,0.0,1,0.07968613769461007,1,0.48501318263692184,62.31605708316094,0.20734868450213603,30.643089387220293,,,,
ec_post,inband,3.0,63.61579337275392,0.5,1,0.4915185145940218,1,0.4914910163626677,62.35973199390796,0.21084941482079167,31.119247402221045,,,,
ec_post,inband,3.0,63.61579337275392,1.0,1,0.9297753596207032,1,0.4984112028559942,62.45902433415355,0.21440459494655256,32.620524365120616,,,,
ec_post,inband,3.0,63.61579337275392,1.5,1,1.4050824544900185,1,0.5059832836338166,62.57754951476371,0.21820584732118825,35.33348965215378,,,,
ec_post,pooled,0.333,7.068421485861546,0.0,1,-0.05745176736997598,1,0.4850257690567407,14.017830693617586,0.21204440754578266,6.316381377987435,,,,
ec_post,pooled,0.333,7.068421485861546,0.5,1,0.6592871720831038,1,0.48988936887569895,13.986858147621373,0.21406066620286743,6.356162045138395,,,,
ec_post,pooled,0.333,7.068421485861546,1.0,1,1.364007841312157,1,0.494646398993237,14.000273179303194,0.21598059098756786,6.5105213717094035,,,,
ec_post,pooled,0.333,7.068421485861546,1.5,1,2.0412550856393876,1,0.49939913746954273,14.011324859923871,0.21789668986868743,6.789592603705863,,,,
ec_post,pooled,1.0,21.20526445758464,0.0,1,0.04846315807822445,1,0.48545933650129663,42.05349208085276,0.20924168528945863,19.39258171074347,,,,
ec_post,pooled,1.0,21.20526445758464,0.5,1,0.7304567844362736,1,0.49631238643402686,41.96057444286413,0.21371785918902922,19.503378340573715,,,,
ec_post,pooled,1.0,21.20526445758464,1.0,1,1.380462093531586,1,0.5067320543432964,42.00081953790958,0.21802042890243928,19.945987919578815,,,,
ec_post,pooled,1.0,21.20526445758464,1.5,1,1.9883857112262449,1,0.5168790897288986,42.03397457977162,0.22228544815942858,20.74913837812596,,,,
ec_post,pooled,3.0,63.61579337275392,0.0,1,0.14845567929315714,1,0.4829560274947533,126.16047624255827,0.203939469544368,56.25056967430765,,,,
ec_post,pooled,3.0,63.61579337275392,0.5,1,0.8128162605522211,1,0.504011084067435,125.88172332859236,0.2126607987268584,56.53394637537476,,,,
ec_post,pooled,3.0,63.61579337275392,1.0,1,1.4132415753591963,1,0.5237158600981758,126.00245861372875,0.22110786726280404,57.74719860967592,,,,
ec_post,pooled,3.0,63.61579337275392,1.5,1,1.9491903953028595,1,0.5423146829819832,126.10192373931486,0.22943417061198987,59.9680346446773,,,,
ec_post,synthetic,0.333,7.068421485861546,0.0,1,0.02465823573390861,1,0.24643118848686815,6.9553503506881516,0.21271431795421267,6.513010912296588,,,,
ec_post,synthetic,0.333,7.068421485861546,0.5,1,0.5394228775631132,1,0.24727384541998904,6.935659977766033,0.21326651201108163,6.561400288149218,,,,
ec_post,synthetic,0.333,7.068421485861546,1.0,1,1.046520266452843,1,0.24808667025189637,6.939891592683727,0.21378912695134714,6.697097742518396,,,,
ec_post,synthetic,0.333,7.068421485861546,1.5,1,1.5486010570627955,1,0.24890015517103223,6.946111034307161,0.2143178837502208,6.937791438160387,,,,
ec_post,synthetic,1.0,21.20526445758464,0.0,1,0.059962546241702816,1,0.24367271323439313,20.866051052064456,0.21078206661172627,19.461131081985968,,,,
ec_post,synthetic,1.0,21.20526445758464,0.5,1,0.5699924078735906,1,0.24598727545456023,20.806979933298095,0.21229073114930574,19.603268757819333,,,,
ec_post,synthetic,1.0,21.20526445758464,1.0,1,1.0736092423411754,1,0.2482334185662891,20.81967477805118,0.21373734452386228,20.002731915186867,,,,
ec_post,synthetic,1.0,21.20526445758464,1.5,1,1.5730700195814362,1,0.25047884318251734,20.83833310292148,0.21520108474222155,20.71141174939595,,,,
ec_post,synthetic,3.0,63.61579337275392,0.0,1,0.13007925536874604,1,0.2375772258812164,62.59815315619336,0.20614580288537993,57.059992023475594,,,,
ec_post,synthetic,3.0,63.61579337275392,0.5,1,0.6405485571246246,1,0.24329288551563638,62.42093979989429,0.20985475875575269,57.46155217979436,,,,
ec_post,synthetic,3.0,63.61579337275392,1.0,1,1.1355278119030876,1,0.24888763972651592,62.45902433415354,0.21347827121171706,58.60268190768438,,,,
ec_post,synthetic,3.0,63.61579337275392,1.5,1,1.6172001390149358,1,0.2544674886272601,62.51499930876445,0.21714346057522357,60.63135979811429,,,,
ec_post,inband,0.333,7.068421485861546,0.0,2,-0.1364459809678564,1,0.48409870245379605,7.245707229613403,0.2127474486456019,3.457761231018499,,,,
ec_post,inband,0.333,7.068421485861546,0.5,2,0.2950635762433443,1,0.4853980640201994,7.24753429511148,0.21352096267839477,3.524405909571545,,,,
ec_post,inband,0.333,7.068421485861546,1.0,2,0.7370117805943244,1,0.4867680632191618,7.269583622289176,0.21425631402091327,3.733032724403648,,,,
ec_post,inband,0.333,7.068421485861546,1.5,2,1.1953392371932965,1,0.48829539535392985,7.285329516216839,0.2150361572630207,4.1136510672368685,,,,
ec_post,inband,1.0,21.20526445758464,0.0,2,-0.0033171659359728972,1,0.4846475238848606,21.73712168884021,0.21076034243734962,11.108500316634094,,,,
ec_post,inband,1.0,21.20526445758464,0.5,2,0.40498186832082245,1,0.48777738252282915,21.742602885334442,0.21255112429396164,11.302739792038674,,,,
ec_post,inband,1.0,21.20526445758464,1.0,2,0.8321296401168973,1,0.49106509087395167,21.808750866867534,0.21431403948324002,11.913214427645098,,,,
ec_post,inband,1.0,21.20526445758464,1.5,2,1.289196011972766,1,0.4946702011468464,21.85598854865052,0.2161905163966368,13.027144034844932,,,,
ec_post,inband,3.0,63.61579337275392,0.0,2,0.07911462437225586,1,0.48356905689107504,65.21136506652064,0.20679450056034024,33.10607471738219,,,,
ec_post,inband,3.0,63.61579337275392,0.5,2,0.4922121056806339,1,0.49035440066732433,65.22780865600333,0.2105153135440665,33.65383553941745,,,,
ec_post,inband,3.0,63.61579337275392,1.0,2,0.9379140132302825,1,0.49756598194790125,65.42625260060258,0.2143338903493587,35.39256083491616,,,,
ec_post,inband,3.0,63.61579337275392,1.5,2,1.425335824011324,1,0.5054179458915998,65.56796564595157,0.21844984194579706,38.56834637973349,,,,
ec_post,pooled,0.333,7.068421485861546,0.0,2,-0.04752847204410018,1,0.48453327553090897,14.937765602991725,0.21179384101200335,6.714091661069214,,,,
ec_post,pooled,0.333,7.068421485861546,0.5,2,0.6528003034483469,1,0.4894102583205888,14.895446465050746,0.2139539552033545,6.765514633917489,,,,
ec_post,pooled,0.333,7.068421485861546,1.0,2,1.3387701608900238,1,0.494182635428599,14.904737741752815,0.21602180340069835,6.95065323679548,,,,
ec_post,pooled,0.333,7.068421485861546,1.5,2,2.001327909988272,1,0.4989557365616843,14.9147383471586,0.2180874048468888,7.2843173817923255,,,,
ec_post,pooled,1.0,21.20526445758464,0.0,2,0.047076781037397895,1,0.48429849651268386,44.813296808975174,0.20876339182512554,20.53226253072514,,,,
ec_post,pooled,1.0,21.20526445758464,0.5,2,0.7174070902950203,1,0.495216297505037,44.686339395152245,0.21350034005837573,20.67610101427421,,,,
ec_post,pooled,1.0,21.20526445758464,1.0,2,1.3540680047765354,1,0.5057065381013438,44.71421322525844,0.21807055720390542,21.206754965852046,,,,
ec_post,pooled,1.0,21.20526445758464,1.5,2,1.951574648400236,1,0.515935931855936,44.74421504147581,0.22260830201309453,22.166342148917387,,,,
ec_post,pooled,3.0,63.61579337275392,0.0,2,0.13818739139180072,1,0.48071032042267,134.43989042692553,0.20314668069992567,59.36742817038679,,,,
ec_post,pooled,3.0,63.61579337275392,0.5,2,0.7936639689193438,1,0.5020191165715727,134.05901818545672,0.21229455129841995,59.73954171701352,,,,
ec_post,pooled,3.0,63.61579337275392,1.0,2,1.3845273904023345,1,0.5219629840779247,134.14263967577534,0.22116228384488854,61.193619172154435,,,,
ec_post,pooled,3.0,63.61579337275392,1.5,2,1.9133601957530018,1,0.5407986913794622,134.2326451244274,0.22991248823164875,63.84420805998541,,,,
ec_post,synthetic,0.333,7.068421485861546,0.0,2,-0.011035206532735113,1,0.24195394263850242,7.267336836850019,0.2082545129246523,6.895972628978596,,,,
ec_post,synthetic,0.333,7.068421485861546,0.5,2,0.510994419841821,1,0.2428787971423869,7.268517278678788,0.2089045046632791,6.940297675551442,,,,
ec_post,synthetic,0.333,7.068421485861546,1.0,2,1.0220100768062683,1,0.2437655215930054,7.269583622289176,0.20951277235585536,7.0888237148452875,,,,
ec_post,synthetic,0.333,7.068421485861546,1.5,2,1.5232290968635385,1,0.24465090640356538,7.27046911442607,0.21012158266142378,7.359174146695667,,,,
ec_post,synthetic,1.0,21.20526445758464,0.0,2,0.015621364196787717,1,0.23879534393676788,21.802010510550055,0.20601034802960075,20.59088908381706,,,,
ec_post,synthetic,1.0,21.20526445758464,0.5,2,0.5370759796797856,1,0.24132424013218695,21.805551836036358,0.2077613620705335,20.7207467509658,,,,
ec_post,synthetic,1.0,21.20526445758464,1.0,2,1.0451989199708231,1,0.24376541832144197,21.808750866867527,0.20942658339031228,21.15751868215035,,,,
ec_post,synthetic,1.0,21.20526445758464,1.5,2,1.5413713711307757,1,0.24619791829366416,21.811407343278212,0.21109548621704027,21.95279004947769,,,,
ec_post,synthetic,3.0,63.61579337275392,0.0,2,0.07596468970368295,1,0.2318479271185693,65.40603153165017,0.20075597848918894,60.28187458586938,,,,
ec_post,synthetic,3.0,63.61579337275392,0.5,2,0.6033096155640604,1,0.23805419950062293,65.41665550810909,0.20497326657377127,60.64540088595244,,,,
ec_post,synthetic,3.0,63.61579337275392,1.0,2,1.1033034472081042,1,0.24409697257004973,65.4262526006026,0.2090694055051512,61.89035675984888,,,,
ec_post,synthetic,3.0,63.61579337275392,1.5,2,1.5787163122858465,1,0.250095006600484,65.43422202983463,0.21317962727263975,64.1632343215835,,,,
ec_post,inband,0.333,7.068421485861546,0.0,3,-0.14480755153374897,1,0.48430087001833233,6.8620934513640055,0.21291564068240637,3.0933015736287577,,,,
ec_post,inband,0.333,7.068421485861546,0.5,3,0.3013568246009327,1,0.4854944690792116,6.890497703575603,0.21363604435327063,3.155794002047842,,,,
ec_post,inband,0.333,7.068421485861546,1.0,3,0.7557882162903145,1,0.4867577351094608,6.907203937355092,0.21432010766571705,3.3456674980424155,,,,
ec_post,inband,0.333,7.068421485861546,1.5,3,1.2278555720071778,1,0.48817127254146925,6.931248238072127,0.21505359087325535,3.692101539150343,,,,
ec_post,inband,1.0,21.20526445758464,0.0,3,-0.0045869885579888,1,0.48524359734038075,20.58628035409202,0.21109113520512962,10.041698995412581,,,,
ec_post,inband,1.0,21.20526445758464,0.5,3,0.4141681614806797,1,0.48817930054108616,20.671493110726807,0.2128086783007269,10.224313316694577,,,,
ec_post,inband,1.0,21.20526445758464,1.0,3,0.8494028570175466,1,0.49126332804348954,20.72161181206528,0.21448723090955457,10.780861719898152,,,,
ec_post,inband,1.0,21.20526445758464,1.5,3,1.3165177719874832,1,0.4946437556994264,20.793744714216388,0.21627989114404403,11.796397067977443,,,,
ec_post,inband,3.0,63.61579337275392,0.0,3,0.07976409266432001,1,0.4851109778050221,61.758841062276055,0.2073764081168271,30.070297704953596,,,,
ec_post,inband,3.0,63.61579337275392,0.5,3,0.5006988245599375,1,0.4915559664172394,62.01447933218043,0.2110036979686134,30.58768376935276,,,,
ec_post,inband,3.0,63.61579337275392,1.0,3,0.9529521741720198,1,0.4983963718872023,62.16483543619583,0.21470028811753156,32.177403673764495,,,,
ec_post,inband,3.0,63.61579337275392,1.5,3,1.4501933611907918,1,0.5058362953463691,62.381234142649156,0.2186773461827101,35.0806148118407,,,,
ec_post,pooled,0.333,7.068421485861546,0.0,3,-0.043448590161261326,1,0.48493770935184083,14.144549153511685,0.2120529068974416,6.104662741272098,,,,
ec_post,pooled,0.333,7.068421485861546,0.5,3,0.6614792416516313,1,0.4896348389773997,14.170473955458034,0.21410778293470403,6.1434472248713075,,,,
ec_post,pooled,0.333,7.068421485861546,1.0,3,1.355927958017517,1,0.4942362704985831,14.147667861275668,0.21607462426533683,6.299980838063651,,,,
ec_post,pooled,0.333,7.068421485861546,1.5,3,2.0279526540575055,1,0.49884479243052116,14.163358543705122,0.21804651240231754,6.585355519869898,,,,
ec_post,pooled,1.0,21.20526445758464,0.0,3,0.054135337879074416,1,0.4854035667177006,42.433647460535056,0.20925372654123983,18.77811775095229,,,,
ec_post,pooled,1.0,21.20526445758464,0.5,3,0.726524325866671,1,0.495978394788513,42.5114218663741,0.21381793701023702,18.886054973890825,,,,
ec_post,pooled,1.0,21.20526445758464,1.0,3,1.370496813924441,1,0.5061541608931834,42.44300358382701,0.21821923152740802,19.335172733127184,,,,
ec_post,pooled,1.0,21.20526445758464,1.5,3,1.9783349250672329,1,0.5160938948032081,42.490075631115374,0.22259713098508024,20.156949729608066,,,,
ec_post,pooled,3.0,63.61579337275392,0.0,3,0.14500205127401142,1,0.4831360056082797,127.30094238160518,0.20394092482110335,54.51991430951581,,,,
ec_post,pooled,3.0,63.61579337275392,0.5,3,0.8019119024375757,1,0.50385149778481,127.5342655991223,0.21284397015978865,54.79513933043311,,,,
ec_post,pooled,3.0,63.61579337275392,1.0,3,1.4006293898463142,1,0.5232861918950714,127.32901075148101,0.2214760178036719,56.02718691067077,,,,
ec_post,pooled,3.0,63.61579337275392,1.5,3,1.9409516186501883,1,0.5416811097393961,127.47022689334611,0.23000174350820524,58.301386836270034,,,,
ec_post,synthetic,0.333,7.068421485861546,0.0,3,0.008699035384991597,1,0.24668491582511767,6.8929118696076435,0.21342321811095516,6.267128043627062,,,,
ec_post,synthetic,0.333,7.068421485861546,0.5,3,0.5280482310702804,1,0.24753584480486165,6.9092703596334335,0.2140353376152146,6.3129869663031934,,,,
ec_post,synthetic,0.333,7.068421485861546,1.0,3,1.0367354720149242,1,0.2483520002881949,6.907203937355092,0.21459274683818957,6.450590388414949,,,,
ec_post,synthetic,0.333,7.068421485861546,1.5,3,1.5371549135816016,1,0.24916721652259088,6.897104262886785,0.2151491793088013,6.705474996415122,,,,
ec_post,synthetic,1.0,21.20526445758464,0.0,3,0.03783761136816251,1,0.2438215662316133,20.678735608822933,0.21143505457433395,18.739475129314762,,,,
ec_post,synthetic,1.0,21.20526445758464,0.5,3,0.5531306009469595,1,0.24616541675354095,20.727811078900295,0.21309078802787904,18.874228514062672,,,,
ec_post,synthetic,1.0,21.20526445758464,1.0,3,1.057678829640494,1,0.24842792399663158,20.721611812065277,0.2146308740761436,19.27950050834844,,,,
ec_post,synthetic,1.0,21.20526445758464,1.5,3,1.5533123193734766,1,0.25068403479888246,20.691312788660355,0.21616902439567795,20.030338420145714,,,,
ec_post,synthetic,3.0,63.61579337275392,0.0,3,0.096888086374109,1,0.2374121719217226,62.03620682646879,0.20672824328781272,54.9751883414625,,,,
ec_post,synthetic,3.0,63.61579337275392,0.5,3,0.6137497853844806,1,0.24322609721208913,62.1834332367009,0.21073941788335632,55.35586157029021,,,,
ec_post,synthetic,3.0,63.61579337275392,1.0,3,1.1087666155027123,1,0.24888764721989168,62.16483543619583,0.2145781055814767,56.514736930809676,,,,
ec_post,synthetic,3.0,63.61579337275392,1.5,3,1.5839404055138393,1,0.25451379652326056,62.073938365981064,0.2184150111666709,58.66653008184114,,,,
ec_post,inband,0.333,7.068421485861546,0.0,4,-0.13018740875847942,1,0.4840800757406113,6.628762435450734,0.21287566900038585,3.097544959752393,,,,
ec_post,inband,0.333,7.068421485861546,0.5,4,0.30565175664527305,1,0.48523274400489036,6.6203195332040305,0.21360705083602802,3.16088185544259,,,,
ec_post,inband,0.333,7.068421485861546,1.0,4,0.7449837324536049,1,0.4864529665840803,6.620357387133973,0.21428695687731128,3.350720494830366,,,,
ec_post,inband,0.333,7.068421485861546,1.5,4,1.1926105912621785,1,0.48781592771161375,6.660614289104485,0.21500124597961487,3.6925329256827943,,,,
ec_post,inband,1.0,21.20526445758464,0.0,4,0.009587667027598123,1,0.48477122005321,19.8862873063522,0.2110094393321671,10.054486451095775,,,,
ec_post,inband,1.0,21.20526445758464,0.5,4,0.41863644420531393,1,0.48760740906556227,19.860958599612093,0.21272956563318646,10.23965656541794,,,,
ec_post,inband,1.0,21.20526445758464,1.0,4,0.8393987931747663,1,0.49058692908647994,19.86107216140192,0.2143902771143132,10.796188666530943,,,,
ec_post,inband,1.0,21.20526445758464,1.5,4,1.2824319622014115,1,0.49385373278812084,19.981842867313457,0.21613726703453734,11.7981966372414,,,,
ec_post,inband,3.0,63.61579337275392,0.0,4,0.09415639852611912,1,0.4842460401885763,59.658861919056605,0.20725643166589713,30.109772011588255,,,,
ec_post,inband,3.0,63.61579337275392,0.5,4,0.5053765129120875,1,0.4905047525908267,59.58287579883628,0.21083981683868477,30.634792194147334,,,,
ec_post,inband,3.0,63.61579337275392,1.0,4,0.9427514367848288,1,0.4971676756930651,59.58321648420578,0.21447925199955298,32.224913450356745,,,,
ec_post,inband,3.0,63.61579337275392,1.5,4,1.4166745539064998,1,0.5044424642239219,59.94552860194037,0.21836644862648175,35.089581149812844,,,,
ec_post,pooled,0.333,7.068421485861546,0.0,4,-0.028731575622131685,1,0.4845984081855531,13.552671030098306,0.21198751166279722,6.225179205785136,,,,
ec_post,pooled,0.333,7.068421485861546,0.5,4,0.6657421619015232,1,0.48923314437314697,13.564859541622234,0.2140557228684812,6.264727286718642,,,,
ec_post,pooled,0.333,7.068421485861546,1.0,4,1.353080099933885,1,0.4937675951302763,13.564391108742392,0.21601825862493163,6.4268516376091345,,,,
ec_post,pooled,0.333,7.068421485861546,1.5,4,2.0228588782977686,1,0.4983042296533542,13.538232372279522,0.2179703948750482,6.721941302153261,,,,
ec_post,pooled,1.0,21.20526445758464,0.0,4,0.06720885585369298,1,0.4847283238436096,40.65801309029492,0.20912882900034077,19.12815800665751,,,,
ec_post,pooled,1.0,21.20526445758464,0.5,4,0.7314510399375959,1,0.49516560349170385,40.6945786248667,0.2136921404669649,19.23835805345223,,,,
ec_post,pooled,1.0,21.20526445758464,1.0,4,1.369649179893707,1,0.5051976013944399,40.69317332622717,0.21807287740715448,19.703793798990123,,,,
ec_post,pooled,1.0,21.20526445758464,1.5,4,1.974388467493123,1,0.5149890508916491,40.61469711683856,0.22240799740562286,20.5538453630874,,,,
ec_post,pooled,3.0,63.61579337275392,0.0,4,0.15827252097077338,1,0.48217354525320444,121.97403927088476,0.20380612328069397,55.510054144178056,,,,
ec_post,pooled,3.0,63.61579337275392,0.5,4,0.8083277540290724,1,0.5026375598591636,122.08373587460014,0.21264432139247275,55.79174781284354,,,,
ec_post,pooled,3.0,63.61579337275392,1.0,4,1.4019825177954341,1,0.5218316492899888,122.07951997868152,0.22120881665680375,57.07008692482516,,,,
ec_post,pooled,3.0,63.61579337275392,1.5,4,1.9388102791875903,1,0.5400004750076487,121.84409135051571,0.22965044652408434,59.424219135746284,,,,
ec_post,synthetic,0.333,7.068421485861546,0.0,4,0.01695327829625825,1,0.23734440036021692,6.625767916352412,0.20555110636866605,6.391720996583339,,,,
ec_post,synthetic,0.333,7.068421485861546,0.5,4,0.5389078715290766,1,0.2381755419826783,6.629032131278489,0.2061764119677148,6.4377114590330615,,,,
ec_post,synthetic,0.333,7.068421485861546,1.0,4,1.0535077517875304,1,0.23897490345193628,6.620357387133975,0.20674381123074587,6.571390716723074,,,,
ec_post,synthetic,0.333,7.068421485861546,1.5,4,1.5678051580161765,1,0.23977635829179558,6.608043801277038,0.20730112158014868,6.803249335410526,,,,
ec_post,synthetic,1.0,21.20526445758464,0.0,4,0.04381647555765922,1,0.23454377853651015,19.87730374905724,0.20346299608252788,19.102067179690994,,,,
ec_post,synthetic,1.0,21.20526445758464,0.5,4,0.5637904851888643,1,0.23682922365391873,19.887096393835463,0.20513171805319613,19.237199495524912,,,,
ec_post,synthetic,1.0,21.20526445758464,1.0,4,1.0757230556630417,1,0.2390426523543139,19.86107216140192,0.20668934412434808,19.63089787773044,,,,
ec_post,synthetic,1.0,21.20526445758464,1.5,4,1.586436806698788,1,0.24125720215416774,19.824131403831117,0.20822508455245012,20.313854638654483,,,,
ec_post,synthetic,3.0,63.61579337275392,0.0,4,0.10314314986081592,1,0.22829834680420377,59.631911247171715,0.1985727897181024,56.02181744562885,,,,
ec_post,synthetic,3.0,63.61579337275392,0.5,4,0.6291711850297327,1,0.23396886410023324,59.6612891815064,0.20257899988922717,56.40366428048802,,,,
ec_post,synthetic,3.0,63.61579337275392,1.0,4,1.1346261152141335,1,0.23950656930677805,59.583216484205764,0.20643135440039564,57.52976971566644,,,,
ec_post,synthetic,3.0,63.61579337275392,1.5,4,1.6260818858202224,1,0.24502433365196596,59.47239421149335,0.21024785065677373,59.487171284519995,,,,
eo_post,inband,0.333,0.7231679649961349,0.0,0,,0,0.46110353522596625,0.7270873456497919,0.20187211039581207,0.13559063988104547,,,,
eo_post,inband,0.333,0.7231679649961349,0.5,0,,0,0.46123500907221676,0.7287753202541172,0.20195097681116464,0.1447955426168046,,,,
eo_post,inband,0.333,0.7231679649961349,1.0,0,,0,0.46138207171186807,0.7307901235410589,0.20203207859610672,0.17073835644654262,,,,
eo_post,inband,0.333,0.7231679649961349,1.5,0,1.313252985748447,1,0.46155824587556743,0.73332592355645,0.20213138044904516,0.2187769141584438,,,,
eo_post,inband,1.0,2.169503894988405,0.0,0,-0.5855652668850279,1,0.46134659503071557,2.181262036949376,0.20158296493886457,1.1521815658527819,0.07578144571502057,-0.7328612489219533,-0.45342307175677216,0.0
eo_post,inband,1.0,2.169503894988405,0.5,0,0.07494387957386839,1,0.46172483509322026,2.1863259607623515,0.20180566245742973,1.1796821422112935,0.05941029532555899,-0.07309486347568725,0.16409825831415648,0.0
eo_post,inband,1.0,2.169503894988405,1.0,0,0.7137117269811449,1,0.46214200538458766,2.192370370623177,0.20203696735356558,1.257197452228717,0.05891326429915853,0.6089294217730896,0.8201143710310587,0.0
eo_post,inband,1.0,2.169503894988405,1.5,0,1.319881515416419,1,0.46263305260542037,2.1999777706693497,0.20231596407786806,1.400711713435037,0.07490656956521707,1.208629187168356,1.4702820117579332,0.0
eo_post,inband,3.0,6.508511684965215,0.0,0,-0.11741339836404704,1,0.4617921478327259,6.543786110848129,0.20082852117169478,4.17979309625584,,,,
eo_post,inband,3.0,6.508511684965215,0.5,0,0.35717708375878077,1,0.4628245420221107,6.5589778822870555,0.2014226665556476,4.2613795236323755,,,,
eo_post,inband,3.0,6.508511684965215,1.0,0,0.8473166332855108,1,0.46394593802435846,6.57711111186953,0.20204658832949124,4.491479398276239,,,,
eo_post,inband,3.0,6.508511684965215,1.5,0,1.3550188894709976,1,0.4652373384601825,6.59993331200805,0.20278405463922822,4.917410455274983,,,,
eo_post,pooled,0.333,0.7231679649961349,0.0,0,,0,0.46122154308184515,1.314474398683318,0.20176556081555144,0.43489342970414935,,,,
eo_post,pooled,0.333,0.7231679649961349,0.5,0,0.06576418315459517,1,0.46176739123891614,1.3165369127595148,0.2019987233421926,0.4433859324728409,,,,
eo_post,pooled,0.333,0.7231679649961349,1.0,0,1.3998307392104912,1,0.462322430212247,1.31849117098535,0.20222838523903605,0.46585339902722533,,,,
eo_post,pooled,0.333,0.7231679649961349,1.5,0,2.3847660816522156,1,0.46290528442563106,1.3181633990360686,0.20247159335555445,0.5054214464751327,,,,
eo_post,pooled,1.0,2.169503894988405,0.0,0,-0.25726133445081123,1,0.4615956985908692,3.9434231960499546,0.2012974137737492,2.045375908594924,,,,
eo_post,pooled,1.0,2.169503894988405,0.5,0,0.5860568026778898,1,0.4631296307773312,3.949610738278545,0.20194007113019927,2.070662084929017,,,,
eo_post,pooled,1.0,2.169503894988405,1.0,0,1.3659213996371509,1,0.4646782575774704,3.9554735129560505,0.20257692784276365,2.1376184524430015,,,,
eo_post,pooled,1.0,2.169503894988405,1.5,0,2.081744590818073,1,0.4662857105074761,3.954490197108206,0.20324741022471246,2.2555479803968543,,,,
eo_post,pooled,3.0,6.508511684965215,0.0,0,-0.03754699810642821,1,0.46211585663815946,11.830269588149863,0.2001309230885179,6.822501633316542,,,,
eo_post,pooled,3.0,6.508511684965215,0.5,0,0.6859348082162693,1,0.46611926134948845,11.848832214835632,0.2017708655984102,6.8968262055813305,,,,
eo_post,pooled,3.0,6.508511684965215,1.0,0,1.3654484790898316,1,0.470111890982852,11.866420538868152,0.20340409699721387,7.094276434151102,,,,
eo_post,pooled,3.0,6.508511684965215,1.5,0,1.9997443778626771,1,0.47417955427760694,11.863470591324617,0.2051078913817435,7.44224144906122,,,,
eo_post,synthetic,0.333,0.7231679649961349,0.0,0,-0.06177374748899562,1,0.23099294357470465,0.7315516276417314,0.20202797755621182,0.7254238470621908,,,,
eo_post,synthetic,0.333,0.7231679649961349,0.5,0,0.5413199434169204,1,0.23108442521331424,0.7330034106066982,0.2020975320867046,0.7296637555363908,,,,
eo_post,synthetic,0.333,0.7231679649961349,1.0,0,1.043254152132532,1,0.23117175194537504,0.7307901235410587,0.20215930857212505,0.743647089956443,,,,
eo_post,synthetic,0.333,0.7231679649961349,1.5,0,1.4784598306895427,1,0.23125874144665914,0.7300435437363321,0.20222000331742482,0.7694770546729526,,,,
eo_post,synthetic,1.0,2.169503894988405,0.0,0,-0.028111550665756213,1,0.23062540403988943,2.1946548829251946,0.2017609858185199,2.289547391867645,,,,
eo_post,synthetic,1.0,2.169503894988405,0.5,0,0.5110747952748621,1,0.2308966954520912,2.1990102318200946,0.2019664275643533,2.302234663298706,,,,
eo_post,synthetic,1.0,2.169503894988405,1.0,0,1.0179373943803338,1,0.23115597217098244,2.192370370623177,0.20214967722913701,2.3440804089442033,,,,
eo_post,synthetic,1.0,2.169503894988405,1.5,0,1.4950054119596405,1,0.23141417764207273,2.1901306312089956,0.20232975679132778,2.4213740740817076,,,,
eo_post,synthetic,3.0,6.508511684965215,0.0,0,-0.011159241956661682,1,0.22957331016608926,6.583964648775583,0.200995031013598,6.959576286240989,,,,
eo_post,synthetic,3.0,6.508511684965215,0.5,0,0.510939624909792,1,0.23036115708832547,6.597030695460284,0.20158571017154617,6.997343248155278,,,,
eo_post,synthetic,3.0,6.508511684965215,1.0,0,1.0171428374748988,1,0.23111636390990214,6.577111111869531,0.2021182083223127,7.121968028429583,,,,
eo_post,synthetic,3.0,6.508511684965215,1.5,0,1.506995857000401,1,0.23186793980652623,6.570391893626988,0.202641806534042,7.352147796403684,,,,
eo_post,inband,0.333,0.7231679649961349,0.0,1,,0,0.46108359004193544,0.6927721907112648,0.20187866102753063,0.031749395759022976,,,,
eo_post,inband,0.333,0.7231679649961349,0.5,1,,0,0.4612034220800349,0.6956502916820507,0.2019507029090818,0.04071257660253171,,,,
eo_post,inband,0.333,0.7231679649961349,1.0,1,,0,0.46133598349674176,0.6985654134707878,0.20202414168239735,0.06583303578695648,,,,
eo_post,inband,0.333,0.7231679649961349,1.5,1,1.280231716385445,1,0.4614934996745597,0.7025947869159616,0.20211437733245402,0.11465978587988107,,,,
eo_post,inband,1.0,2.169503894988405,0.0,1,-0.7139359499332051,1,0.4612980588136085,2.078316572133795,0.20159881544583433,0.841747528084711,,,,
eo_post,inband,1.0,2.169503894988405,0.5,1,-0.01724573489023754,1,0.46164517398079874,2.086950875046152,0.20180365530878328,0.8685484689550607,,,,
eo_post,inband,1.0,2.169503894988405,1.0,1,0.6575478564458382,1,0.4620261771875949,2.095696240412363,0.20201417471587027,0.9436673112872288,,,,
eo_post,inband,1.0,2.169503894988405,1.5,1,1.3052509968176509,1,0.4624737896135361,2.1077843607478846,0.20226744773412486,1.0896641268506828,,,,
eo_post,inband,3.0,6.508511684965215,0.0,1,-0.1604383913798139,1,0.4617080070339762,6.234949716401385,0.20086313775760092,3.2571621945274143,,,,
eo_post,inband,3.0,6.508511684965215,0.5,1,0.3171770201666462,1,0.4626636406401564,6.260852625138456,0.20141231657048161,3.3368401441251043,,,,
eo_post,inband,3.0,6.508511684965215,1.0,1,0.8157708982011767,1,0.4637016116732792,6.28708872123709,0.20198411470144553,3.5602712224278816,,,,
eo_post,inband,3.0,6.508511684965215,1.5,1,1.3436363389992398,1,0.46489892210870576,6.323353082243654,0.20265663060722797,3.9944962061609033,,,,
eo_post,pooled,0.333,0.7231679649961349,0.0,1,,0,0.46117973904894394,1.2651131841602485,0.2017697287754964,0.29878312602419355,,,,
eo_post,pooled,0.333,0.7231679649961349,0.5,1,-0.08149403006861164,1,0.46169684396540067,1.2656759793886116,0.20199227668862163,0.3034922248201499,,,,
eo_post,pooled,0.333,0.7231679649961349,1.0,1,1.4501059626532196,1,0.46222199452005447,1.2656494731881476,0.20220939118732814,0.32239573853829706,,,,
eo_post,pooled,0.333,0.7231679649961349,1.5,1,2.5127208102635836,1,0.4627725575935455,1.2674943604109865,0.20243895733189396,0.3589641324470755,,,,
eo_post,pooled,1.0,2.169503894988405,0.0,1,-0.32364440502922887,1,0.4615003306861609,3.7953395524807467,0.20130646117908935,1.6393553947607435,,,,
eo_post,pooled,1.0,2.169503894988405,0.5,1,0.5706588065943928,1,0.4629569212886649,3.7970279381658356,0.20192042317147826,1.6533770659482594,,,,
eo_post,pooled,1.0,2.169503894988405,1.0,1,1.395131914679872,1,0.4644268700880035,3.796948419564443,0.2025242926299812,1.7097706131065964,,,,
eo_post,pooled,1.0,2.169503894988405,1.5,1,2.1491454923800846,1,0.46595202448493883,3.8024830812329604,0.20315827551403626,1.8188834924467805,,,,
eo_post,pooled,3.0,6.508511684965215,0.0,1,-0.07737021777376162,1,0.46195694789793257,11.386018657442238,0.2001492399010773,5.622230886189634,,,,
eo_post,pooled,3.0,6.508511684965215,0.5,1,0.6803914871429251,1,0.4657761475233401,11.391083814497504,0.2017166547854007,5.663402321285169,,,,
eo_post,pooled,3.0,6.508511684965215,1.0,1,1.3920158179890023,1,0.4695868876751477,11.39084525869333,0.20327166412889427,5.8301056567665235,,,,
eo_post,pooled,3.0,6.508511684965215,1.5,1,2.056255372365594,1,0.4734722089979755,11.40744924369888,0.2048901931221663,6.15292033784608,,,,
eo_post,synthetic,0.333,0.7231679649961349,0.0,1,-0.041240026538844454,1,0.22674019174318125,0.6967665138177875,0.20171302628306542,0.577108515134079,,,,
eo_post,synthetic,0.333,0.7231679649961349,0.5,1,0.5897089207103571,1,0.22682839845203995,0.6980524362795726,0.2017801624450039,0.582403217371322,,,,
eo_post,synthetic,0.333,0.7231679649961349,1.0,1,1.107747225980429,1,0.2269130465797373,0.6985654134707877,0.201838413511452,0.5980048656126593,,,,
eo_post,synthetic,0.333,0.7231679649961349,1.5,1,1.5516177252749,1,0.22699782508754887,0.698742398314391,0.20189612412439745,0.6272975944121931,,,,
eo_post,synthetic,1.0,2.169503894988405,0.0,1,-0.018851710318255093,1,0.22639320518718437,2.090299541453363,0.20145983067878087,1.8483196562014785,,,,
eo_post,synthetic,1.0,2.169503894988405,0.5,1,0.5345419829132628,1,0.2266548773217166,2.094157308838718,0.2016576396411162,1.864171526107467,,,,
eo_post,synthetic,1.0,2.169503894988405,1.0,1,1.0621512327383262,1,0.22690627032149474,2.0956962404123627,0.20183059903492212,1.9108828863941467,,,,
eo_post,synthetic,1.0,2.169503894988405,1.5,1,1.5610530247940757,1,0.22715797592314282,2.096227194943173,0.2020019951720998,1.9985813897376612,,,,
eo_post,synthetic,3.0,6.508511684965215,0.0,1,-0.005302372174543191,1,0.22539745002483344,6.270898624360089,0.20073426786166615,5.647076159306237,,,,
eo_post,synthetic,3.0,6.508511684965215,0.5,1,0.5267125407865237,1,0.22615806154245044,6.2824719265161555,0.20130059541191614,5.694339989109524,,,,
eo_post,synthetic,3.0,6.508511684965215,1.0,1,1.0535559095214544,1,0.22689088665451154,6.28708872123709,0.20180446079366807,5.833651061624944,,,,
eo_post,synthetic,3.0,6.508511684965215,1.5,1,1.569735390094847,1,0.22762410970502048,6.288681584829519,0.20230410823940226,6.0951811157951274,,,,
eo_post,inband,0.333,0.7231679649961349,0.0,2,,0,0.46107055130129115,0.701545258200274,0.20187255024208456,0.04371286629975481,,,,
eo_post,inband,0.333,0.7231679649961349,0.5,2,,0,0.46120639950306763,0.7019285093678264,0.20194833199263354,0.051851376695475036,,,,
eo_post,inband,0.333,0.7231679649961349,1.0,2,,0,0.4613586400564537,0.7036088368271489,0.20202746974211097,0.07521912667181552,,,,
eo_post,inband,0.333,0.7231679649961349,1.5,2,1.3247413934888332,1,0.4615424363643453,0.7039724983784577,0.20212278360160404,0.1185613695772176,,,,
eo_post,inband,1.0,2.169503894988405,0.0,2,-0.6337270301080196,1,0.46125250693273884,2.104635774600822,0.20158436761717372,0.8775063275027356,,,,
eo_post,inband,1.0,2.169503894988405,0.5,2,0.039517411698520556,1,0.4616399981638433,2.105785528103479,0.20179957652393643,0.9018379439398049,,,,
eo_post,inband,1.0,2.169503894988405,1.0,2,0.6954790038779823,1,0.4620672092587819,2.1108265104814463,0.2020251989202538,0.9717070879603709,,,,
eo_post,inband,1.0,2.169503894988405,1.5,2,1.3250253495637418,1,0.46256942604168033,2.1119174951353727,0.20229299553448532,1.1012828295022996,,,,
eo_post,inband,3.0,6.508511684965215,0.0,2,-0.1334024471084544,1,0.46154386800313313,6.313907323802468,0.20083526157244957,3.3634148984074193,,,,
eo_post,inband,3.0,6.508511684965215,0.5,2,0.343397775304041,1,0.4625863021257436,6.317356584310438,0.20141044537762612,3.435724221594519,,,,
eo_post,inband,3.0,6.508511684965215,1.0,2,0.8404927791427378,1,0.4637129930328703,6.33247953144434,0.20201768821513183,3.6434732514332726,,,,
eo_post,inband,3.0,6.508511684965215,1.5,2,1.3610249290465166,1,0.4649982665603746,6.335752485406119,0.20272618994875277,4.0286801965160945,,,,
eo_post,pooled,0.333,0.7231679649961349,0.0,2,,0,0.46116687877753254,1.2747296913837882,0.20176860701918153,0.309781900324539,,,,
eo_post,pooled,0.333,0.7231679649961349,0.5,2,0.0016126911598561182,1,0.4617008508244383,1.2782255477771813,0.20199147938054257,0.3166008273573883,,,,
eo_post,pooled,0.333,0.7231679649961349,1.0,2,1.4392223690245622,1,0.4622435605241773,1.2771444096687035,0.20221408276068253,0.33647139719375696,,,,
eo_post,pooled,0.333,0.7231679649961349,1.5,2,2.4589007414337605,1,0.4628131333383526,1.2775784597775364,0.20245109446494172,0.37191561646312715,,,,
eo_post,pooled,1.0,2.169503894988405,0.0,2,-0.2845083847728067,1,0.4614387902507168,3.8241890741513656,0.20130515024058704,1.6721477050855946,,,,
eo_post,pooled,1.0,2.169503894988405,0.5,2,0.5862413528960636,1,0.4629358159386564,3.8346766433315445,0.20192197071824314,1.6924603056400906,,,,
eo_post,pooled,1.0,2.169503894988405,1.0,2,1.3907347153170095,1,0.46444628923874637,3.8314332290061097,0.2025396202453551,1.75172211448512,,,,
eo_post,pooled,1.0,2.169503894988405,1.5,2,2.128104060095396,1,0.4660127978288221,3.8327353793326084,0.2031929552622748,1.8574428833589818,,,,
eo_post,pooled,3.0,6.508511684965215,0.0,2,-0.04869831143208896,1,0.4617105090084464,11.472567222454096,0.20015256360100123,5.719079262419476,,,,
eo_post,pooled,3.0,6.508511684965215,0.5,2,0.6921739641474361,1,0.46560926696494576,11.504029929994635,0.2017307770290001,5.778838940246682,,,,
eo_post,pooled,3.0,6.508511684965215,1.0,2,1.3889172107439252,1,0.4694953115615265,11.49429968701833,0.2033150821463641,5.953909838738579,,,,
eo_post,pooled,3.0,6.508511684965215,1.5,2,2.039199961063724,1,0.47345124720654685,11.498206137997828,0.2049744464678852,6.2664228704476646,,,,
eo_post,synthetic,0.333,0.7231679649961349,0.0,2,-0.1524040260171908,1,0.23939929612851685,0.7041333062179177,0.20243037629691898,0.6040288697480275,,,,
eo_post,synthetic,0.333,0.7231679649961349,0.5,2,0.4536736402631798,1,0.23949040397560253,0.702917602093546,0.20249472961168258,0.6083658928861819,,,,
eo_post,synthetic,0.333,0.7231679649961349,1.0,2,0.9587512114636696,1,0.2395783154053386,0.7036088368271488,0.20255400731611392,0.6220682157981118,,,,
eo_post,synthetic,0.333,0.7231679649961349,1.5,2,1.3988114455500629,1,0.2396669323075581,0.7029955403477836,0.2026133670715086,0.6464222361488301,,,,
eo_post,synthetic,1.0,2.169503894988405,0.0,2,-0.04626417745972404,1,0.2390618575605626,2.1123999186537534,0.20219906444488428,1.925255431505006,,,,
eo_post,synthetic,1.0,2.169503894988405,0.5,2,0.48683671683389024,1,0.2393320018343283,2.1087528062806387,0.20238910248463807,1.9382389942366023,,,,
eo_post,synthetic,1.0,2.169503894988405,1.0,2,0.9894150969238257,1,0.23959298147536048,2.1108265104814468,0.20256488087166893,1.9792603382940543,,,,
eo_post,synthetic,1.0,2.169503894988405,1.5,2,1.4638017614456584,1,0.23985592800183075,2.1089866210433508,0.20274092892491863,2.0521669584295013,,,,
eo_post,synthetic,3.0,6.508511684965215,0.0,2,-0.008867021174952482,1,0.2380976527751152,6.337199755961261,0.20153621327153454,5.8729335368947995,,,,
eo_post,synthetic,3.0,6.508511684965215,0.5,2,0.5069942197387025,1,0.23888191931346675,6.326258418841916,0.20208255728378702,5.911632913742619,,,,
eo_post,synthetic,3.0,6.508511684965215,1.0,2,1.0083536587056037,1,0.23964176389993422,6.332479531444342,0.2025928538259654,6.0339458630770455,,,,
eo_post,synthetic,3.0,6.508511684965215,1.5,2,1.4938972387062184,1,0.2404063505616611,6.326959863130051,0.2031041234333531,6.251314838222848,,,,
eo_post,inband,0.333,0.7231679649961349,0.0,3,,0,0.46108849512535244,0.7099774886559902,0.20188274213968466,0.054307125172537565,,,,
eo_post,inband,0.333,0.7231679649961349,0.5,3,,0,0.4612222352312297,0.7101335458293221,0.2019555471155366,0.0630733011991257,,,,
eo_post,inband,0.333,0.7231679649961349,1.0,3,,0,0.4613699335814907,0.7129384928091299,0.20202819037652447,0.08747900252628331,,,,
eo_post,inband,0.333,0.7231679649961349,1.5,3,1.3576608706934636,1,0.4615461013052829,0.7172144783654277,0.2021138803232691,0.13298212389434036,,,,
eo_post,inband,1.0,2.169503894988405,0.0,3,-0.6063898172251374,1,0.4613021176568709,2.1299324659679706,0.20160895086885128,0.9091340153955598,,,,
eo_post,inband,1.0,2.169503894988405,0.5,3,0.055151531330897764,1,0.4616797826114716,2.1304006374879663,0.2018153230263067,0.935341036167927,,,,
eo_post,inband,1.0,2.169503894988405,1.0,3,0.7068744931112193,1,0.4620932988169776,2.1388154784273894,0.2020232341140795,1.0083069996031775,,,,
eo_post,inband,1.0,2.169503894988405,1.5,3,1.3385516747379165,1,0.4625800576891482,2.1516434350962834,0.202267334492042,1.1443295483892166,,,,
eo_post,inband,3.0,6.508511684965215,0.0,3,-0.11652506034158856,1,0.4616850224536843,6.389797397903912,0.20088902871316547,3.4570160202409297,,,,
eo_post,inband,3.0,6.508511684965215,0.5,3,0.3576372592405724,1,0.46270201020091406,6.391201912463898,0.2014422074326587,3.5348859995674133,,,,
eo_post,inband,3.0,6.508511684965215,1.0,3,0.8514552102240044,1,0.46380644340911276,6.416446435282169,0.20201006126768029,3.75178211527463,,,,
eo_post,inband,3.0,6.508511684965215,1.5,3,1.3732321439066657,1,0.46508310044166096,6.454930305288849,0.20267224679582066,4.156030600165788,,,,
eo_post,pooled,0.333,0.7231679649961349,0.0,3,,0,0.46118950354297944,1.2779148249378833,0.2017794916897211,0.3368845974190512,,,,
eo_post,pooled,0.333,0.7231679649961349,0.5,3,0.020302078561568255,1,0.46172664524322465,1.2809719749288202,0.2020004259789155,0.34231315684547703,,,,
eo_post,pooled,0.333,0.7231679649961349,1.0,3,1.4830892448008397,1,0.46227246861054594,1.281621590485944,0.20221548606748296,0.36135711215477245,,,,
eo_post,pooled,0.333,0.7231679649961349,1.5,3,2.54110919920923,1,0.4628451717676437,1.2797276085666793,0.20244098766479732,0.3968190674703225,,,,
eo_post,pooled,1.0,2.169503894988405,0.0,3,-0.27456183734728845,1,0.4615132524964684,3.8337444748136504,0.2013318600029502,1.7528876325503011,,,,
eo_post,pooled,1.0,2.169503894988405,0.5,3,0.5991287121875088,1,0.46301879484622493,3.842915924786461,0.2019429439613266,1.7690465618816416,,,,
eo_post,pooled,1.0,2.169503894988405,1.0,3,1.417486028662461,1,0.4645392340490551,3.8448647714578326,0.20254254364220908,1.825833954473232,,,,
eo_post,pooled,1.0,2.169503894988405,1.5,3,2.175250772417225,1,0.4661180757615712,3.839182825700039,0.20316910688199702,1.9315977209108428,,,,
eo_post,pooled,3.0,6.508511684965215,0.0,3,-0.04255872672885656,1,0.4619479351707709,11.501233424440947,0.20021568385638983,5.956905710777668,,,,
eo_post,pooled,3.0,6.508511684965215,0.5,3,0.7036153327460076,1,0.4658787706780587,11.528747774359385,0.20178097320235938,6.004319441108879,,,,
eo_post,pooled,3.0,6.508511684965215,1.0,3,1.4121410475529332,1,0.4698030344803159,11.534594314373498,0.2033305490753924,6.171981439059648,,,,
eo_post,pooled,3.0,6.508511684965215,1.5,3,2.080660764367203,1,0.47380643716030363,11.517548477100116,0.20494006220612346,6.484496162415613,,,,
eo_post,synthetic,0.333,0.7231679649961349,0.0,3,-0.14702476637993395,1,0.22675982462648034,0.7126534512501234,0.20053265524259348,0.6278142891888995,,,,
eo_post,synthetic,0.333,0.7231679649961349,0.5,3,0.49086608371562557,1,0.2268478255992307,0.7135593875408978,0.20059294599044195,0.6325994720692162,,,,
eo_post,synthetic,0.333,0.7231679649961349,1.0,3,0.9970435635073177,1,0.22693238372826383,0.7129384928091299,0.20064935833757788,0.6468160131918974,,,,
eo_post,synthetic,0.333,0.7231679649961349,1.5,3,1.4283340202006396,1,0.22701695519915477,0.715245422005994,0.20070666964713077,0.6730249100910327,,,,
eo_post,synthetic,1.0,2.169503894988405,0.0,3,-0.05212716713630075,1,0.22642053935086923,2.1379603537503704,0.20030498402328997,1.9947571475010286,,,,
eo_post,synthetic,1.0,2.169503894988405,0.5,3,0.4938763682113856,1,0.22668154670098556,2.140678162622694,0.2004835605049122,2.0090799426274804,,,,
eo_post,synthetic,1.0,2.169503894988405,1.0,3,0.9997150556728296,1,0.22693261676864387,2.1388154784273903,0.20065105144778142,2.0516354273509747,,,,
eo_post,synthetic,1.0,2.169503894988405,1.5,3,1.472008711586667,1,0.22718368202397526,2.145736266017982,0.2008211930548852,2.13008546652255,,,,
eo_post,synthetic,3.0,6.508511684965215,0.0,3,-0.018978219164483893,1,0.22544996513270724,6.413881061251112,0.19964748441700933,6.078463760124386,,,,
eo_post,synthetic,3.0,6.508511684965215,0.5,3,0.5047502543864465,1,0.22620813109659954,6.42203448786808,0.20016440200711935,6.121135490143081,,,,
eo_post,synthetic,3.0,6.508511684965215,1.0,3,1.0088832010086997,1,0.22693949605926042,6.41644643528217,0.20065225422675284,6.247974875052636,,,,
eo_post,synthetic,3.0,6.508511684965215,1.5,3,1.4945126084347604,1,0.22767051087734902,6.437208798053946,0.2011476754992825,6.481787296710386,,,,
eo_post,inband,0.333,0.7231679649961349,0.0,4,,0,0.4611201433049087,0.7145095112943562,0.2018734772697799,0.07875897679269565,,,,
eo_post,inband,0.333,0.7231679649961349,0.5,4,,0,0.46124359785200303,0.7197006247243156,0.20195008521885588,0.08715484714442483,,,,
eo_post,inband,0.333,0.7231679649961349,1.0,4,,0,0.46138074820669317,0.7247547697025515,0.20202707861602553,0.11135530409243412,,,,
eo_post,inband,0.333,0.7231679649961349,1.5,4,1.335119895710595,1,0.4615444976332437,0.724223217032199,0.20212084802836708,0.15710437470861546,,,,
eo_post,inband,1.0,2.169503894988405,0.0,4,-0.6386317074836511,1,0.46139549320091344,2.143528533883069,0.2015906166509647,0.9823264991322271,,,,
eo_post,inband,1.0,2.169503894988405,0.5,4,0.040543170677842626,1,0.4617547939283809,2.159101874172947,0.20180498744271622,1.0074201049333378,,,,
eo_post,inband,1.0,2.169503894988405,1.0,4,0.6998595954831816,1,0.4621490169727162,2.1742643091076546,0.20202485310623863,1.0797609817026428,,,,
eo_post,inband,1.0,2.169503894988405,1.5,4,1.3292322881482856,1,0.4626128264267569,2.172669651096597,0.20229069189836044,1.2164976825634604,,,,
eo_post,inband,3.0,6.508511684965215,0.0,4,-0.12937073792167103,1,0.4619282464168714,6.430585601649206,0.20085737825166297,3.675252060052871,,,,
eo_post,inband,3.0,6.508511684965215,0.5,4,0.35022649230500963,1,0.4629233882823723,6.477305622518841,0.20142794081829804,3.7497685961259424,,,,
eo_post,inband,3.0,6.508511684965215,1.0,4,0.8453718181962393,1,0.4640032440674153,6.522792927322962,0.20202502913593942,3.964725001353461,,,,
eo_post,inband,3.0,6.508511684965215,1.5,4,1.364122949622729,1,0.46525068622658644,6.518008953289791,0.2027373046989075,4.370958182571927,,,,
eo_post,pooled,0.333,0.7231679649961349,0.0,4,,0,0.46126221441288595,1.2898041786415986,0.20177235461706217,0.3541352421305902,,,,
eo_post,pooled,0.333,0.7231679649961349,0.5,4,0.01753226374290792,1,0.46181292272983543,1.2918306352953743,0.2019981052558776,0.361574496215602,,,,
eo_post,pooled,0.333,0.7231679649961349,1.0,4,1.4562603436934896,1,0.46237374869458425,1.289321092912166,0.2022210212053546,0.3825835178209409,,,,
eo_post,pooled,0.333,0.7231679649961349,1.5,4,2.4821257765318943,1,0.4629630134074116,1.2895237822463932,0.20245888044870652,0.4211398337546442,,,,
eo_post,pooled,1.0,2.169503894988405,0.0,4,-0.27826986964810974,1,0.46171040476917313,3.8694125359247966,0.20132032989734996,1.8045450044927143,,,,
eo_post,pooled,1.0,2.169503894988405,0.5,4,0.5973233818313802,1,0.4632535607005179,3.8754919058861246,0.2019406148081444,1.8267108130445133,,,,
eo_post,pooled,1.0,2.169503894988405,1.0,4,1.4010626879917234,1,0.4648125189825287,3.867963278736499,0.20255805630981188,1.8893639076504551,,,,
eo_post,pooled,1.0,2.169503894988405,1.5,4,2.1375431604275743,1,0.466430804751694,3.8685713467391802,0.20321424780427047,2.004356812006623,,,,
eo_post,pooled,3.0,6.508511684965215,0.0,4,-0.043839742262632125,1,0.46240669039580673,11.608237607774388,0.20019677468073563,6.110970848365036,,,,
eo_post,pooled,3.0,6.508511684965215,0.5,4,0.7005019139676707,1,0.46641219754549207,11.626475717658371,0.20177862834743596,6.176221730244896,,,,
eo_post,pooled,3.0,6.508511684965215,1.0,4,1.3962323589347627,1,0.47040947306857744,11.603889836209495,0.2033630564419475,6.361259597085778,,,,
eo_post,pooled,3.0,6.508511684965215,1.5,4,2.0458853827215124,1,0.4744835314514002,11.60571404021754,0.20503254975787882,6.701071174750028,,,,
eo_post,synthetic,0.333,0.7231679649961349,0.0,4,-0.041663449476441655,1,0.23493865885569398,0.7230829953660448,0.20004139991981743,0.6429461075621818,,,,
eo_post,synthetic,0.333,0.7231679649961349,0.5,4,0.5570530141979743,1,0.23502648030482093,0.7220200626050227,0.2001023259976435,0.6466421864458024,,,,
eo_post,synthetic,0.333,0.7231679649961349,1.0,4,1.0641203015968748,1,0.23511096126262787,0.7247547697025514,0.20015824012901884,0.6590141522947286,,,,
eo_post,synthetic,0.333,0.7231679649961349,1.5,4,1.5037479724172838,1,0.23519540871814137,0.7239284890236146,0.20021412631572255,0.6816730030557929,,,,
eo_post,synthetic,1.0,2.169503894988405,0.0,4,-0.0039962101648901675,1,0.23459340756402072,2.1692489860981343,0.1998056901043816,2.0377191765846545,,,,
eo_post,synthetic,1.0,2.169503894988405,0.5,4,0.5258689114261917,1,0.23485386131155866,2.1660601878150687,0.1999857812771033,2.048783337701398,,,,
eo_post,synthetic,1.0,2.169503894988405,1.0,4,1.035813603656087,1,0.23510469387209937,2.1742643091076546,0.20015174806792432,2.0858186114087958,,,,
eo_post,synthetic,1.0,2.169503894988405,1.5,4,1.5212270091878326,1,0.235355406434637,2.171785467070844,0.20031767928188202,2.1536442377607,,,,
eo_post,synthetic,3.0,6.508511684965215,0.0,4,0.014951608605908804,1,0.2336069580251126,6.507746958294405,0.1991277018529815,6.204250258588476,,,,
eo_post,synthetic,3.0,6.508511684965215,0.5,4,0.5265077143733626,1,0.23436342641615693,6.498180563445204,0.19964670870161955,6.23722240537336,,,,
eo_post,synthetic,3.0,6.508511684965215,1.0,4,1.0346031513721794,1,0.23509406072725408,6.522792927322962,0.2001297778702383,6.347619643729612,,,,
eo_post,synthetic,3.0,6.508511684965215,1.5,4,1.5340795162743108,1,0.2358241923007753,6.515356401212534,0.20061310489790957,6.5497820294373845,,,,
